Date,Team_away,MP_away,FG_away,FGA_away,FG%_away,3P_away,3PA_away,3P%_away,FT_away,FTA_away,FT%_away,ORB_away,DRB_away,TRB_away,AST_away,STL_away,BLK_away,TOV_away,PF_away,PTS_away,Team_home,MP_home,FG_home,FGA_home,FG%_home,3P_home,3PA_home,3P%_home,FT_home,FTA_home,FT%_home,ORB_home,DRB_home,TRB_home,AST_home,STL_home,BLK_home,TOV_home,PF_home,PTS_home,Winner
"Tue, Oct 19, 2021",Brooklyn Nets,240,37,84,0.44,17,32,0.531,13,23,0.565,5,39,44,19,3,9,12,17,104,Milwaukee Bucks,240,48,105,0.457,17,45,0.378,14,18,0.778,13,41,54,25,8,9,7,19,127,0
"Tue, Oct 19, 2021",Golden State Warriors,240,41,93,0.441,14,39,0.359,25,30,0.833,9,41,50,30,9,2,17,18,121,Los Angeles Lakers,240,45,95,0.474,15,42,0.357,9,19,0.474,5,40,45,21,7,4,17,25,114,1
"Wed, Oct 20, 2021",Indiana Pacers,240,42,90,0.467,17,47,0.362,21,24,0.875,8,43,51,29,2,10,16,24,122,Charlotte Hornets,240,46,107,0.43,13,31,0.419,18,27,0.667,12,34,46,29,9,5,8,21,123,0
"Wed, Oct 20, 2021",Chicago Bulls,240,37,86,0.43,7,23,0.304,13,15,0.867,9,39,48,18,8,5,17,19,94,Detroit Pistons,240,36,90,0.4,6,28,0.214,10,13,0.769,11,36,47,17,7,5,16,16,88,1
"Wed, Oct 20, 2021",Boston Celtics,290,48,117,0.41,21,57,0.368,17,23,0.739,15,41,56,34,13,9,18,24,134,New York Knicks,290,51,105,0.486,17,45,0.378,19,27,0.704,7,48,55,27,9,10,17,22,138,0
"Wed, Oct 20, 2021",Washington Wizards,240,36,81,0.444,5,27,0.185,21,26,0.808,7,44,51,20,14,8,21,17,98,Toronto Raptors,240,30,97,0.309,7,34,0.206,16,22,0.727,19,35,54,14,10,4,19,21,83,1
"Wed, Oct 20, 2021",Cleveland Cavaliers,240,47,93,0.505,14,38,0.368,13,18,0.722,7,29,36,38,6,5,10,17,121,Memphis Grizzlies,240,53,100,0.53,14,33,0.424,12,12,1.0,13,40,53,28,8,8,10,15,132,0
"Wed, Oct 20, 2021",Houston Rockets,240,40,88,0.455,11,33,0.333,15,22,0.682,12,29,41,21,13,3,24,25,106,Minnesota Timberwolves,240,42,87,0.483,16,38,0.421,24,31,0.774,13,33,46,26,18,12,18,22,124,0
"Wed, Oct 20, 2021",Philadelphia 76ers,240,44,85,0.518,13,25,0.52,16,20,0.8,6,41,47,24,9,5,12,11,117,New Orleans Pelicans,240,39,93,0.419,13,30,0.433,6,9,0.667,10,34,44,28,5,6,13,16,97,1
"Wed, Oct 20, 2021",Orlando Magic,240,35,86,0.407,9,29,0.31,18,23,0.783,13,31,44,17,6,6,16,20,97,San Antonio Spurs,240,49,98,0.5,13,30,0.433,12,18,0.667,13,30,43,32,8,3,8,22,123,0
"Wed, Oct 20, 2021",Oklahoma City Thunder,240,34,91,0.374,7,35,0.2,11,18,0.611,15,35,50,19,4,2,14,15,86,Utah Jazz,240,40,91,0.44,14,47,0.298,13,15,0.867,12,41,53,18,6,5,10,19,107,0
"Wed, Oct 20, 2021",Sacramento Kings,240,42,92,0.457,17,41,0.415,23,29,0.793,7,36,43,24,6,4,10,22,124,Portland Trail Blazers,240,45,93,0.484,12,35,0.343,19,22,0.864,9,40,49,25,5,5,12,22,121,1
"Wed, Oct 20, 2021",Denver Nuggets,240,44,83,0.53,17,39,0.436,5,9,0.556,6,40,46,25,9,1,17,20,110,Phoenix Suns,240,36,87,0.414,14,37,0.378,12,17,0.706,11,34,45,23,9,3,18,18,98,1
"Thu, Oct 21, 2021",Dallas Mavericks,240,31,93,0.333,13,43,0.302,12,13,0.923,10,40,50,16,7,3,15,21,87,Atlanta Hawks,240,45,94,0.479,15,35,0.429,8,9,0.889,6,49,55,31,8,9,13,16,113,0
"Thu, Oct 21, 2021",Milwaukee Bucks,240,32,84,0.381,12,42,0.286,19,29,0.655,5,33,38,19,6,0,15,26,95,Miami Heat,240,51,96,0.531,15,35,0.429,20,31,0.645,11,47,58,28,8,2,11,26,137,0
"Thu, Oct 21, 2021",Los Angeles Clippers,240,42,96,0.438,14,40,0.35,15,21,0.714,8,31,39,24,9,2,7,25,113,Golden State Warriors,240,43,83,0.518,15,31,0.484,14,22,0.636,10,43,53,27,5,4,21,20,115,0
"Fri, Oct 22, 2021",New York Knicks,240,44,88,0.5,24,54,0.444,9,17,0.529,6,32,38,34,10,4,11,19,121,Orlando Magic,240,33,83,0.398,17,43,0.395,13,15,0.867,9,37,46,24,5,3,18,18,96,1
"Fri, Oct 22, 2021",Indiana Pacers,265,52,97,0.536,15,34,0.441,15,20,0.75,7,35,42,28,5,6,12,22,134,Washington Wizards,265,49,94,0.521,19,38,0.5,18,19,0.947,6,32,38,24,5,6,9,21,135,0
"Fri, Oct 22, 2021",Charlotte Hornets,240,48,91,0.527,13,32,0.406,14,17,0.824,11,35,46,32,13,1,18,16,123,Cleveland Cavaliers,240,43,84,0.512,9,31,0.29,17,20,0.85,7,29,36,26,9,3,18,15,112,1
"Fri, Oct 22, 2021",Toronto Raptors,240,42,100,0.42,10,35,0.286,21,21,1.0,21,39,60,22,16,2,11,13,115,Boston Celtics,240,32,82,0.39,11,34,0.324,8,11,0.727,10,32,42,19,6,11,25,19,83,1
"Fri, Oct 22, 2021",Brooklyn Nets,240,41,88,0.466,12,38,0.316,20,24,0.833,11,36,47,26,6,6,12,16,114,Philadelphia 76ers,240,43,91,0.473,14,36,0.389,9,11,0.818,5,30,35,17,8,9,8,21,109,1
"Fri, Oct 22, 2021",Oklahoma City Thunder,240,34,91,0.374,14,43,0.326,9,16,0.563,8,31,39,22,9,4,19,21,91,Houston Rockets,240,48,95,0.505,17,38,0.447,11,14,0.786,10,44,54,29,12,10,17,18,124,0
"Fri, Oct 22, 2021",New Orleans Pelicans,240,42,87,0.483,15,29,0.517,13,16,0.813,9,33,42,26,7,5,16,20,112,Chicago Bulls,240,47,89,0.528,14,28,0.5,20,25,0.8,11,35,46,32,9,7,14,14,128,0
"Fri, Oct 22, 2021",San Antonio Spurs,240,40,84,0.476,6,24,0.25,10,14,0.714,7,32,39,24,11,2,20,17,96,Denver Nuggets,240,44,86,0.512,9,30,0.3,5,8,0.625,8,33,41,26,10,2,21,21,102,0
"Fri, Oct 22, 2021",Phoenix Suns,240,42,86,0.488,10,32,0.313,21,28,0.75,7,40,47,31,8,2,11,22,115,Los Angeles Lakers,240,34,86,0.395,15,34,0.441,22,29,0.759,12,34,46,25,7,3,16,26,105,1
"Fri, Oct 22, 2021",Utah Jazz,240,37,90,0.411,16,42,0.381,20,23,0.87,13,38,51,16,14,3,17,17,110,Sacramento Kings,240,39,99,0.394,8,36,0.222,15,21,0.714,16,36,52,20,15,5,15,22,101,1
"Sat, Oct 23, 2021",Atlanta Hawks,240,38,99,0.384,10,34,0.294,9,15,0.6,17,37,54,20,5,3,9,23,95,Cleveland Cavaliers,240,37,89,0.416,7,28,0.25,20,27,0.741,12,42,54,23,6,6,10,16,101,0
"Sat, Oct 23, 2021",Miami Heat,265,35,91,0.385,9,33,0.273,12,14,0.857,10,45,55,18,4,2,22,25,91,Indiana Pacers,265,38,97,0.392,10,39,0.256,16,21,0.762,14,41,55,18,10,5,16,18,102,0
"Sat, Oct 23, 2021",Dallas Mavericks,240,38,91,0.418,14,42,0.333,13,18,0.722,13,37,50,24,6,6,9,22,103,Toronto Raptors,240,34,85,0.4,11,37,0.297,16,23,0.696,11,38,49,17,7,6,12,23,95,1
"Sat, Oct 23, 2021",Detroit Pistons,240,34,88,0.386,5,28,0.179,9,15,0.6,11,42,53,14,9,8,20,17,82,Chicago Bulls,240,35,84,0.417,11,26,0.423,16,19,0.842,3,39,42,24,13,11,12,17,97,0
"Sat, Oct 23, 2021",New Orleans Pelicans,240,31,89,0.348,9,40,0.225,18,23,0.783,21,40,61,15,10,5,28,22,89,Minnesota Timberwolves,240,39,96,0.406,12,38,0.316,6,10,0.6,13,34,47,22,13,8,19,25,96,0
"Sat, Oct 23, 2021",Milwaukee Bucks,240,44,83,0.53,15,35,0.429,18,22,0.818,7,37,44,21,6,5,20,15,121,San Antonio Spurs,240,48,99,0.485,10,39,0.256,5,6,0.833,10,28,38,29,10,4,12,18,111,1
"Sat, Oct 23, 2021",Phoenix Suns,240,43,89,0.483,9,28,0.321,10,15,0.667,7,31,38,27,6,1,14,19,105,Portland Trail Blazers,240,51,94,0.543,21,50,0.42,11,17,0.647,8,40,48,24,8,5,9,15,134,0
"Sat, Oct 23, 2021",Memphis Grizzlies,240,42,90,0.467,15,36,0.417,21,25,0.84,13,35,48,26,5,3,11,19,120,Los Angeles Clippers,240,43,99,0.434,13,39,0.333,15,17,0.882,14,30,44,23,7,4,7,21,114,1
"Sun, Oct 24, 2021",Charlotte Hornets,240,43,94,0.457,10,30,0.333,15,19,0.789,10,38,48,26,10,5,12,17,111,Brooklyn Nets,240,38,87,0.437,9,35,0.257,10,12,0.833,9,35,44,18,10,9,17,19,95,1
"Sun, Oct 24, 2021",Boston Celtics,240,38,86,0.442,15,47,0.319,16,20,0.8,6,37,43,22,10,6,11,22,107,Houston Rockets,240,32,75,0.427,14,32,0.438,19,24,0.792,5,35,40,20,7,4,18,20,97,1
"Sun, Oct 24, 2021",Orlando Magic,240,36,88,0.409,12,43,0.279,26,34,0.765,10,47,57,22,7,4,13,25,110,New York Knicks,240,37,100,0.37,13,48,0.271,17,25,0.68,16,36,52,20,8,8,12,21,104,1
"Sun, Oct 24, 2021",Philadelphia 76ers,240,41,88,0.466,17,41,0.415,16,20,0.8,12,35,47,25,4,9,12,17,115,Oklahoma City Thunder,240,40,84,0.476,8,31,0.258,15,19,0.789,6,36,42,24,9,4,11,17,103,1
"Sun, Oct 24, 2021",Golden State Warriors,240,43,97,0.443,13,37,0.351,20,24,0.833,14,29,43,26,12,3,6,13,119,Sacramento Kings,240,42,86,0.488,15,46,0.326,8,13,0.615,10,37,47,26,0,4,19,16,107,1
"Sun, Oct 24, 2021",Memphis Grizzlies,240,45,100,0.45,13,35,0.371,15,18,0.833,18,31,49,25,13,4,17,20,118,Los Angeles Lakers,240,45,84,0.536,16,30,0.533,15,22,0.682,9,27,36,29,10,12,17,14,121,0
"Mon, Oct 25, 2021",Boston Celtics,265,50,101,0.495,19,50,0.38,21,25,0.84,11,42,53,33,8,9,12,23,140,Charlotte Hornets,265,46,103,0.447,19,44,0.432,18,28,0.643,14,38,52,26,4,6,14,25,129,1
"Mon, Oct 25, 2021",Milwaukee Bucks,240,41,85,0.482,11,32,0.344,26,31,0.839,7,35,42,24,13,6,13,19,119,Indiana Pacers,240,40,90,0.444,14,36,0.389,15,17,0.882,12,35,47,23,6,1,19,24,109,1
"Mon, Oct 25, 2021",Chicago Bulls,240,39,81,0.481,12,27,0.444,21,22,0.955,5,23,28,24,11,3,12,16,111,Toronto Raptors,240,40,83,0.482,12,30,0.4,16,20,0.8,14,34,48,27,7,1,19,18,108,1
"Mon, Oct 25, 2021",Orlando Magic,240,33,81,0.407,12,44,0.273,12,19,0.632,6,33,39,21,7,6,16,22,90,Miami Heat,240,41,87,0.471,6,27,0.222,19,19,1.0,9,33,42,28,10,2,10,19,107,0
"Mon, Oct 25, 2021",Washington Wizards,240,33,95,0.347,9,39,0.231,15,20,0.75,10,43,53,16,5,5,12,17,90,Brooklyn Nets,240,40,94,0.426,10,35,0.286,14,17,0.824,7,47,54,23,6,4,9,19,104,0
"Mon, Oct 25, 2021",Detroit Pistons,240,40,91,0.44,9,33,0.273,15,18,0.833,11,25,36,26,7,6,14,15,104,Atlanta Hawks,240,46,90,0.511,12,32,0.375,18,21,0.857,10,39,49,24,11,3,13,19,122,0
"Mon, Oct 25, 2021",New Orleans Pelicans,240,39,87,0.448,10,30,0.333,19,23,0.826,15,45,60,19,5,5,17,20,107,Minnesota Timberwolves,240,31,90,0.344,15,50,0.3,21,27,0.778,11,30,41,20,10,7,11,19,98,1
"Mon, Oct 25, 2021",Cleveland Cavaliers,240,38,82,0.463,7,25,0.28,16,20,0.8,11,38,49,26,8,5,14,18,99,Denver Nuggets,240,35,86,0.407,9,38,0.237,8,12,0.667,11,36,47,21,10,3,21,22,87,1
"Mon, Oct 25, 2021",Portland Trail Blazers,240,32,85,0.376,8,37,0.216,14,18,0.778,7,40,47,15,11,4,30,18,86,Los Angeles Clippers,240,44,93,0.473,14,43,0.326,14,19,0.737,5,38,43,37,21,6,17,23,116,0
"Tue, Oct 26, 2021",Philadelphia 76ers,240,36,82,0.439,12,41,0.293,15,17,0.882,12,28,40,24,9,4,14,14,99,New York Knicks,240,41,87,0.471,16,37,0.432,14,15,0.933,13,32,45,24,7,5,12,18,112,0
"Tue, Oct 26, 2021",Golden State Warriors,240,39,83,0.47,14,40,0.35,14,18,0.778,7,39,46,30,9,8,15,20,106,Oklahoma City Thunder,240,36,86,0.419,12,34,0.353,14,17,0.824,9,33,42,19,7,3,13,18,98,1
"Tue, Oct 26, 2021",Los Angeles Lakers,265,50,105,0.476,8,30,0.267,17,22,0.773,9,47,56,20,8,10,13,21,125,San Antonio Spurs,265,48,108,0.444,13,36,0.361,12,22,0.545,16,43,59,33,10,6,15,22,121,1
"Tue, Oct 26, 2021",Houston Rockets,240,36,86,0.419,16,39,0.41,18,26,0.692,11,38,49,24,7,3,17,21,106,Dallas Mavericks,240,43,93,0.462,12,43,0.279,18,25,0.72,14,36,50,25,9,7,14,22,116,0
"Tue, Oct 26, 2021",Denver Nuggets,240,42,83,0.506,10,28,0.357,16,24,0.667,5,30,35,19,9,3,13,23,110,Utah Jazz,240,44,85,0.518,12,39,0.308,22,29,0.759,8,33,41,20,5,6,13,22,122,0
"Wed, Oct 27, 2021",Charlotte Hornets,240,43,83,0.518,14,30,0.467,20,24,0.833,10,30,40,22,14,4,16,14,120,Orlando Magic,240,43,88,0.489,15,40,0.375,10,13,0.769,8,25,33,22,6,2,18,21,111,1
"Wed, Oct 27, 2021",Washington Wizards,240,43,84,0.512,9,25,0.36,21,29,0.724,11,36,47,18,8,7,15,20,116,Boston Celtics,240,37,85,0.435,10,29,0.345,23,28,0.821,10,27,37,18,9,5,13,21,107,1
"Wed, Oct 27, 2021",Miami Heat,240,38,96,0.396,8,29,0.276,22,26,0.846,17,45,62,21,6,2,14,19,106,Brooklyn Nets,240,33,85,0.388,14,43,0.326,13,14,0.929,4,38,42,21,7,7,15,24,93,1
"Wed, Oct 27, 2021",Indiana Pacers,240,38,79,0.481,10,29,0.345,14,17,0.824,9,31,40,19,6,7,22,19,100,Toronto Raptors,240,46,100,0.46,14,30,0.467,12,19,0.632,16,25,41,22,18,6,10,20,118,0
"Wed, Oct 27, 2021",Atlanta Hawks,240,40,96,0.417,8,30,0.267,14,17,0.824,21,34,55,21,4,4,11,14,102,New Orleans Pelicans,240,40,93,0.43,11,36,0.306,8,9,0.889,9,35,44,24,5,6,8,19,99,1
"Wed, Oct 27, 2021",Minnesota Timberwolves,240,43,91,0.473,13,45,0.289,14,17,0.824,10,39,49,29,5,4,17,20,113,Milwaukee Bucks,240,39,95,0.411,14,51,0.275,16,21,0.762,13,30,43,22,10,3,8,18,108,1
"Wed, Oct 27, 2021",Los Angeles Lakers,240,46,92,0.5,11,35,0.314,12,14,0.857,10,30,40,29,8,2,17,22,115,Oklahoma City Thunder,240,43,86,0.5,15,37,0.405,22,29,0.759,10,32,42,21,8,3,15,16,123,0
"Wed, Oct 27, 2021",Sacramento Kings,240,42,95,0.442,15,38,0.395,11,15,0.733,8,32,40,28,7,6,11,20,110,Phoenix Suns,240,42,93,0.452,6,22,0.273,17,24,0.708,14,42,56,23,6,6,11,16,107,1
"Wed, Oct 27, 2021",Memphis Grizzlies,240,35,96,0.365,17,50,0.34,9,19,0.474,21,29,50,27,9,3,21,25,96,Portland Trail Blazers,240,39,84,0.464,15,36,0.417,23,31,0.742,13,35,48,22,11,6,13,20,116,0
"Wed, Oct 27, 2021",Cleveland Cavaliers,240,33,81,0.407,3,20,0.15,23,27,0.852,14,43,57,12,9,3,20,14,92,Los Angeles Clippers,240,31,87,0.356,9,41,0.22,8,13,0.615,9,27,36,19,13,2,14,24,79,1
"Thu, Oct 28, 2021",Atlanta Hawks,240,48,88,0.545,6,21,0.286,9,14,0.643,6,37,43,26,4,3,13,16,111,Washington Wizards,240,46,99,0.465,13,34,0.382,17,21,0.81,14,37,51,26,6,4,6,16,122,0
"Thu, Oct 28, 2021",Detroit Pistons,240,35,86,0.407,13,39,0.333,19,27,0.704,10,27,37,22,11,4,12,22,102,Philadelphia 76ers,240,38,76,0.5,12,27,0.444,22,24,0.917,6,40,46,22,7,9,20,23,110,0
"Thu, Oct 28, 2021",Utah Jazz,240,41,85,0.482,16,46,0.348,24,30,0.8,10,48,58,24,8,4,16,23,122,Houston Rockets,240,31,95,0.326,9,44,0.205,20,23,0.87,13,28,41,15,8,3,11,24,91,1
"Thu, Oct 28, 2021",New York Knicks,240,39,85,0.459,11,29,0.379,15,20,0.75,11,38,49,16,5,7,13,21,104,Chicago Bulls,240,36,84,0.429,11,32,0.344,20,22,0.909,5,32,37,25,6,5,7,18,103,1
"Thu, Oct 28, 2021",San Antonio Spurs,240,39,88,0.443,12,30,0.4,9,15,0.6,11,37,48,21,6,11,14,16,99,Dallas Mavericks,240,41,89,0.461,18,45,0.4,4,13,0.308,9,36,45,18,4,7,12,19,104,0
"Thu, Oct 28, 2021",Memphis Grizzlies,265,39,97,0.402,12,48,0.25,14,14,1.0,10,41,51,25,17,9,17,14,104,Golden State Warriors,265,39,90,0.433,14,40,0.35,9,12,0.75,7,41,48,29,8,7,22,17,101,1
"Fri, Oct 29, 2021",Orlando Magic,240,41,87,0.471,16,34,0.471,11,16,0.688,12,34,46,24,1,5,17,24,109,Toronto Raptors,240,43,86,0.5,9,30,0.3,15,22,0.682,9,31,40,18,11,2,7,18,110,0
"Fri, Oct 29, 2021",Charlotte Hornets,240,35,90,0.389,13,37,0.351,16,22,0.727,11,26,37,21,8,6,11,17,99,Miami Heat,240,43,91,0.473,9,35,0.257,19,19,1.0,16,44,60,23,6,3,17,20,114,0
"Fri, Oct 29, 2021",Indiana Pacers,240,37,93,0.398,8,29,0.276,16,23,0.696,11,35,46,20,9,7,14,27,98,Brooklyn Nets,240,34,76,0.447,6,26,0.231,31,41,0.756,10,40,50,20,9,6,18,21,105,0
"Fri, Oct 29, 2021",Sacramento Kings,240,40,80,0.5,9,27,0.333,24,25,0.96,3,42,45,19,4,5,14,20,113,New Orleans Pelicans,240,42,98,0.429,9,34,0.265,16,25,0.64,13,36,49,18,9,6,10,22,109,1
"Fri, Oct 29, 2021",Dallas Mavericks,240,23,78,0.295,8,37,0.216,21,27,0.778,6,30,36,14,8,3,15,17,75,Denver Nuggets,240,43,83,0.518,11,36,0.306,9,13,0.692,5,46,51,28,8,3,19,24,106,0
"Fri, Oct 29, 2021",Los Angeles Clippers,240,34,87,0.391,15,42,0.357,9,16,0.563,6,37,43,17,7,5,12,14,92,Portland Trail Blazers,240,41,98,0.418,19,41,0.463,10,16,0.625,16,47,63,21,8,6,14,19,111,0
"Fri, Oct 29, 2021",Cleveland Cavaliers,240,37,87,0.425,12,34,0.353,15,22,0.682,16,20,36,28,10,1,15,13,101,Los Angeles Lakers,240,46,84,0.548,12,27,0.444,9,10,0.9,11,31,42,24,9,6,20,20,113,0
"Sat, Oct 30, 2021",Boston Celtics,290,44,107,0.411,2,26,0.077,22,25,0.88,8,46,54,23,8,10,11,32,112,Washington Wizards,290,38,104,0.365,10,36,0.278,29,36,0.806,12,50,62,19,6,7,13,22,115,0
"Sat, Oct 30, 2021",Orlando Magic,240,38,87,0.437,16,32,0.5,11,15,0.733,12,34,46,21,5,6,17,21,103,Detroit Pistons,240,36,89,0.404,14,43,0.326,24,30,0.8,17,31,48,26,12,6,13,18,110,0
"Sat, Oct 30, 2021",New York Knicks,240,42,81,0.519,19,33,0.576,20,25,0.8,5,32,37,22,7,4,12,21,123,New Orleans Pelicans,240,42,92,0.457,11,33,0.333,22,24,0.917,12,31,43,30,7,3,11,24,117,1
"Sat, Oct 30, 2021",Toronto Raptors,240,39,92,0.424,11,32,0.344,8,12,0.667,12,36,48,18,8,4,15,17,97,Indiana Pacers,240,35,81,0.432,13,43,0.302,11,16,0.688,8,32,40,25,8,10,19,17,94,1
"Sat, Oct 30, 2021",Atlanta Hawks,240,36,95,0.379,8,22,0.364,14,19,0.737,20,29,49,24,6,1,19,17,94,Philadelphia 76ers,240,46,86,0.535,12,38,0.316,18,19,0.947,5,32,37,24,11,6,12,24,122,0
"Sat, Oct 30, 2021",Utah Jazz,240,35,92,0.38,11,38,0.289,18,19,0.947,14,40,54,15,5,7,20,21,99,Chicago Bulls,240,39,91,0.429,5,21,0.238,24,30,0.8,9,36,45,16,8,5,9,19,107,0
"Sat, Oct 30, 2021",Miami Heat,240,46,88,0.523,21,37,0.568,16,19,0.842,11,39,50,31,12,2,18,17,129,Memphis Grizzlies,240,34,88,0.386,16,50,0.32,19,21,0.905,8,24,32,26,14,7,14,17,103,1
"Sat, Oct 30, 2021",San Antonio Spurs,240,39,95,0.411,7,31,0.226,17,24,0.708,8,41,49,28,12,3,9,13,102,Milwaukee Bucks,240,36,89,0.404,10,39,0.256,11,16,0.688,9,43,52,20,6,2,19,18,93,1
"Sat, Oct 30, 2021",Oklahoma City Thunder,240,29,81,0.358,8,39,0.205,16,21,0.762,3,42,45,14,8,6,16,8,82,Golden State Warriors,240,39,92,0.424,21,52,0.404,4,8,0.5,10,46,56,30,9,6,15,21,103,0
"Sat, Oct 30, 2021",Denver Nuggets,240,36,88,0.409,9,37,0.243,12,16,0.75,14,34,48,24,11,11,18,15,93,Minnesota Timberwolves,240,35,90,0.389,13,41,0.317,8,9,0.889,16,31,47,21,8,6,20,23,91,1
"Sat, Oct 30, 2021",Cleveland Cavaliers,240,36,91,0.396,14,44,0.318,6,7,0.857,10,37,47,21,8,3,19,21,92,Phoenix Suns,240,39,84,0.464,6,26,0.231,17,27,0.63,8,44,52,27,12,3,13,14,101,0
"Sun, Oct 31, 2021",Sacramento Kings,240,38,96,0.396,7,36,0.194,16,20,0.8,17,39,56,20,6,3,12,19,99,Dallas Mavericks,240,40,90,0.444,12,37,0.324,13,20,0.65,10,35,45,24,8,4,9,20,105,0
"Sun, Oct 31, 2021",Portland Trail Blazers,240,43,97,0.443,17,54,0.315,10,11,0.909,15,32,47,30,4,5,12,18,113,Charlotte Hornets,240,46,89,0.517,20,42,0.476,13,21,0.619,10,34,44,36,4,6,8,18,125,0
"Sun, Oct 31, 2021",Utah Jazz,240,35,75,0.467,12,37,0.324,25,27,0.926,7,37,44,13,6,10,12,10,107,Milwaukee Bucks,240,39,96,0.406,12,41,0.293,5,6,0.833,13,31,44,16,7,3,9,22,95,1
"Sun, Oct 31, 2021",Detroit Pistons,240,32,79,0.405,12,33,0.364,15,22,0.682,7,22,29,21,12,3,15,18,91,Brooklyn Nets,240,47,72,0.653,13,25,0.52,10,16,0.625,2,39,41,30,7,2,19,19,117,0
"Sun, Oct 31, 2021",Houston Rockets,240,32,76,0.421,6,28,0.214,15,29,0.517,10,45,55,18,8,3,25,18,85,Los Angeles Lakers,240,39,96,0.406,9,31,0.29,8,13,0.615,10,33,43,22,15,9,12,20,95,0
"Mon, Nov 1, 2021",Cleveland Cavaliers,240,39,90,0.433,9,28,0.321,26,38,0.684,17,32,49,21,12,8,16,14,113,Charlotte Hornets,240,42,102,0.412,15,39,0.385,11,15,0.733,21,26,47,27,12,12,17,23,110,1
"Mon, Nov 1, 2021",San Antonio Spurs,240,47,89,0.528,14,28,0.5,10,14,0.714,8,28,36,34,6,4,16,9,118,Indiana Pacers,240,52,91,0.571,18,38,0.474,9,12,0.75,10,29,39,37,11,4,14,19,131,0
"Mon, Nov 1, 2021",Portland Trail Blazers,240,40,84,0.476,12,34,0.353,11,18,0.611,13,32,45,21,5,2,14,15,103,Philadelphia 76ers,240,43,83,0.518,13,36,0.361,14,16,0.875,7,27,34,34,11,6,10,18,113,0
"Mon, Nov 1, 2021",Washington Wizards,240,41,86,0.477,13,39,0.333,16,16,1.0,7,29,36,27,7,4,12,24,111,Atlanta Hawks,240,38,83,0.458,13,34,0.382,29,29,1.0,13,34,47,24,9,5,11,17,118,0
"Mon, Nov 1, 2021",Chicago Bulls,240,49,86,0.57,13,31,0.419,17,18,0.944,10,40,50,30,7,8,14,19,128,Boston Celtics,240,42,96,0.438,15,33,0.455,15,20,0.75,13,25,38,20,10,1,9,15,114,1
"Mon, Nov 1, 2021",Toronto Raptors,240,43,99,0.434,14,42,0.333,13,14,0.929,13,35,48,24,12,4,8,20,113,New York Knicks,240,35,76,0.461,16,38,0.421,18,24,0.75,7,34,41,20,3,4,16,13,104,1
"Mon, Nov 1, 2021",Denver Nuggets,240,39,88,0.443,9,38,0.237,10,15,0.667,6,34,40,27,8,8,12,10,97,Memphis Grizzlies,240,44,97,0.454,13,34,0.382,5,7,0.714,11,44,55,20,8,4,12,18,106,0
"Mon, Nov 1, 2021",Orlando Magic,240,37,82,0.451,17,43,0.395,24,30,0.8,12,39,51,21,5,7,16,19,115,Minnesota Timberwolves,240,36,97,0.371,14,51,0.275,11,19,0.579,16,31,47,21,8,1,12,20,97,1
"Mon, Nov 1, 2021",Oklahoma City Thunder,240,35,90,0.389,11,37,0.297,13,16,0.813,10,41,51,17,8,6,16,18,94,Los Angeles Clippers,240,35,92,0.38,15,42,0.357,14,19,0.737,13,38,51,18,8,5,12,14,99,0
"Tue, Nov 2, 2021",Milwaukee Bucks,240,42,84,0.5,17,37,0.459,16,21,0.762,9,43,52,28,7,8,15,23,117,Detroit Pistons,240,30,93,0.323,8,47,0.17,21,30,0.7,14,29,43,21,5,5,14,22,89,1
"Tue, Nov 2, 2021",Miami Heat,240,43,83,0.518,13,25,0.52,26,30,0.867,9,36,45,25,6,5,6,25,125,Dallas Mavericks,240,37,84,0.44,14,42,0.333,22,31,0.71,11,30,41,17,1,3,9,21,110,1
"Tue, Nov 2, 2021",Sacramento Kings,240,42,93,0.452,12,31,0.387,17,24,0.708,6,32,38,24,8,8,11,24,113,Utah Jazz,240,43,98,0.439,14,48,0.292,19,27,0.704,15,44,59,16,7,6,16,23,119,0
"Tue, Nov 2, 2021",New Orleans Pelicans,240,36,91,0.396,13,39,0.333,15,16,0.938,14,29,43,21,17,6,17,16,100,Phoenix Suns,240,43,82,0.524,9,26,0.346,17,18,0.944,7,35,42,32,9,4,19,17,112,0
"Tue, Nov 2, 2021",Houston Rockets,240,48,91,0.527,16,42,0.381,5,12,0.417,11,27,38,27,8,4,24,21,117,Los Angeles Lakers,240,49,93,0.527,6,25,0.24,15,20,0.75,11,32,43,26,10,4,17,19,119,0
"Wed, Nov 3, 2021",Portland Trail Blazers,240,40,90,0.444,13,37,0.351,11,17,0.647,10,29,39,24,12,6,9,19,104,Cleveland Cavaliers,240,39,74,0.527,15,30,0.5,14,18,0.778,5,38,43,29,4,2,17,14,107,0
"Wed, Nov 3, 2021",New York Knicks,240,36,87,0.414,5,24,0.208,21,27,0.778,14,32,46,23,7,6,10,19,98,Indiana Pacers,240,42,91,0.462,16,41,0.39,11,14,0.786,10,39,49,26,7,7,11,22,111,0
"Wed, Nov 3, 2021",Boston Celtics,240,33,79,0.418,10,37,0.27,16,25,0.64,9,41,50,24,7,9,11,20,92,Orlando Magic,240,27,84,0.321,9,43,0.209,16,20,0.8,8,38,46,15,8,1,14,20,79,1
"Wed, Nov 3, 2021",Chicago Bulls,240,38,82,0.463,6,21,0.286,16,18,0.889,9,38,47,19,11,4,15,17,98,Philadelphia 76ers,240,38,77,0.494,12,28,0.429,15,21,0.714,5,30,35,24,9,4,14,15,103,0
"Wed, Nov 3, 2021",Toronto Raptors,240,41,88,0.466,10,25,0.4,17,20,0.85,10,32,42,17,10,3,10,23,109,Washington Wizards,240,34,78,0.436,8,32,0.25,24,30,0.8,10,34,44,19,6,7,13,15,100,1
"Wed, Nov 3, 2021",Atlanta Hawks,240,41,94,0.436,13,35,0.371,13,15,0.867,12,40,52,23,8,4,14,16,108,Brooklyn Nets,240,43,88,0.489,22,48,0.458,9,12,0.75,7,35,42,34,7,8,14,18,117,0
"Wed, Nov 3, 2021",Denver Nuggets,240,43,91,0.473,8,27,0.296,12,13,0.923,11,33,44,24,7,4,11,16,106,Memphis Grizzlies,240,42,81,0.519,16,34,0.471,8,14,0.571,3,33,36,28,9,7,11,16,108,0
"Wed, Nov 3, 2021",Los Angeles Clippers,240,47,78,0.603,21,36,0.583,11,12,0.917,3,32,35,33,6,7,20,14,126,Minnesota Timberwolves,240,43,94,0.457,14,40,0.35,15,16,0.938,15,24,39,27,11,2,16,16,115,1
"Wed, Nov 3, 2021",Dallas Mavericks,240,40,93,0.43,8,34,0.235,21,29,0.724,15,41,56,21,10,4,19,23,109,San Antonio Spurs,240,43,88,0.489,7,21,0.333,15,20,0.75,5,35,40,25,10,10,15,24,108,1
"Wed, Nov 3, 2021",Charlotte Hornets,240,34,91,0.374,10,36,0.278,14,19,0.737,9,40,49,18,10,2,16,14,92,Golden State Warriors,240,42,86,0.488,18,45,0.4,12,18,0.667,7,46,53,33,14,5,16,17,114,0
"Wed, Nov 3, 2021",New Orleans Pelicans,240,37,86,0.43,12,34,0.353,13,15,0.867,8,32,40,24,1,3,16,16,99,Sacramento Kings,240,42,80,0.525,10,30,0.333,18,22,0.818,4,33,37,27,8,7,8,21,112,0
"Thu, Nov 4, 2021",Philadelphia 76ers,240,41,83,0.494,12,32,0.375,15,22,0.682,15,34,49,22,8,3,12,17,109,Detroit Pistons,240,35,87,0.402,11,36,0.306,17,19,0.895,12,29,41,21,6,2,11,18,98,1
"Thu, Nov 4, 2021",Utah Jazz,240,41,81,0.506,17,41,0.415,17,23,0.739,8,38,46,30,6,4,14,20,116,Atlanta Hawks,240,35,82,0.427,7,28,0.25,21,26,0.808,5,27,32,18,11,4,9,24,98,1
"Thu, Nov 4, 2021",Boston Celtics,240,31,78,0.397,16,41,0.39,17,20,0.85,11,35,46,16,7,4,16,16,95,Miami Heat,240,28,81,0.346,9,41,0.22,13,19,0.684,13,32,45,18,8,0,18,19,78,1
"Thu, Nov 4, 2021",Houston Rockets,240,38,88,0.432,11,32,0.344,24,28,0.857,7,36,43,25,4,4,18,21,111,Phoenix Suns,240,44,93,0.473,14,31,0.452,21,23,0.913,13,33,46,29,12,8,12,24,123,0
"Thu, Nov 4, 2021",Oklahoma City Thunder,240,37,87,0.425,15,41,0.366,18,26,0.692,12,38,50,23,7,2,16,16,107,Los Angeles Lakers,240,39,94,0.415,12,33,0.364,14,17,0.824,16,33,49,22,8,5,13,21,104,1
"Fri, Nov 5, 2021",Brooklyn Nets,240,36,80,0.45,11,27,0.407,13,14,0.929,4,41,45,25,3,4,16,21,96,Detroit Pistons,240,33,87,0.379,11,34,0.324,13,18,0.722,7,37,44,17,11,6,13,22,90,1
"Fri, Nov 5, 2021",San Antonio Spurs,240,40,90,0.444,6,19,0.316,16,18,0.889,5,43,48,23,11,7,13,14,102,Orlando Magic,240,35,89,0.393,12,41,0.293,7,10,0.7,7,36,43,23,9,12,18,13,89,1
"Fri, Nov 5, 2021",Memphis Grizzlies,240,34,96,0.354,6,31,0.194,13,17,0.765,12,27,39,19,12,4,9,15,87,Washington Wizards,240,49,84,0.583,10,25,0.4,7,13,0.538,5,48,53,34,4,6,18,13,115,0
"Fri, Nov 5, 2021",New York Knicks,240,41,96,0.427,10,40,0.25,21,26,0.808,20,39,59,16,11,4,13,17,113,Milwaukee Bucks,240,33,82,0.402,16,43,0.372,16,21,0.762,7,30,37,19,4,5,14,20,98,1
"Fri, Nov 5, 2021",Cleveland Cavaliers,240,38,82,0.463,10,30,0.333,16,19,0.842,11,28,39,22,5,3,18,13,102,Toronto Raptors,240,42,99,0.424,12,27,0.444,5,9,0.556,19,25,44,20,11,7,10,19,101,1
"Fri, Nov 5, 2021",Los Angeles Clippers,240,36,88,0.409,6,28,0.214,26,32,0.813,15,47,62,18,12,4,17,16,104,Minnesota Timberwolves,240,31,89,0.348,17,52,0.327,5,7,0.714,7,35,42,17,8,7,21,33,84,1
"Fri, Nov 5, 2021",New Orleans Pelicans,240,31,87,0.356,11,44,0.25,12,16,0.75,11,30,41,23,7,2,18,18,85,Golden State Warriors,240,47,90,0.522,20,50,0.4,12,14,0.857,9,39,48,36,11,3,12,16,126,0
"Fri, Nov 5, 2021",Indiana Pacers,240,43,88,0.489,14,42,0.333,6,10,0.6,7,33,40,28,8,2,11,18,106,Portland Trail Blazers,240,40,82,0.488,17,39,0.436,13,15,0.867,6,36,42,27,7,4,13,15,110,0
"Fri, Nov 5, 2021",Charlotte Hornets,240,43,92,0.467,11,35,0.314,13,21,0.619,7,21,28,29,8,5,10,19,110,Sacramento Kings,240,48,87,0.552,22,44,0.5,22,26,0.846,13,43,56,29,5,1,18,21,140,0
"Sat, Nov 6, 2021",Houston Rockets,240,35,75,0.467,8,28,0.286,16,24,0.667,7,40,47,19,8,6,16,16,94,Denver Nuggets,240,36,89,0.404,9,40,0.225,14,17,0.824,10,35,45,19,10,5,11,20,95,0
"Sat, Nov 6, 2021",Utah Jazz,240,43,83,0.518,15,45,0.333,14,19,0.737,7,24,31,26,10,3,6,19,115,Miami Heat,240,47,78,0.603,11,21,0.524,13,17,0.765,7,29,36,30,3,1,14,18,118,0
"Sat, Nov 6, 2021",Philadelphia 76ers,240,43,81,0.531,13,26,0.5,15,19,0.789,6,35,41,22,6,5,14,22,114,Chicago Bulls,240,37,92,0.402,7,29,0.241,24,30,0.8,18,28,46,20,7,1,9,19,105,1
"Sat, Nov 6, 2021",Boston Celtics,240,42,86,0.488,9,31,0.29,11,16,0.688,8,28,36,20,6,2,11,14,104,Dallas Mavericks,240,41,78,0.526,13,39,0.333,12,14,0.857,7,33,40,19,7,6,15,18,107,0
"Sat, Nov 6, 2021",Atlanta Hawks,240,42,97,0.433,13,33,0.394,20,23,0.87,14,36,50,18,3,1,12,16,117,Phoenix Suns,240,45,88,0.511,14,43,0.326,17,21,0.81,5,37,42,26,8,6,12,22,121,0
"Sat, Nov 6, 2021",Los Angeles Lakers,240,31,90,0.344,9,32,0.281,19,24,0.792,11,48,59,20,8,6,19,17,90,Portland Trail Blazers,240,36,95,0.379,15,55,0.273,18,24,0.75,12,40,52,22,14,7,11,21,105,0
"Sun, Nov 7, 2021",Brooklyn Nets,240,41,80,0.513,17,38,0.447,17,20,0.85,12,36,48,29,3,0,15,15,116,Toronto Raptors,240,41,87,0.471,7,30,0.233,14,18,0.778,8,27,35,23,10,6,8,16,103,1
"Sun, Nov 7, 2021",Cleveland Cavaliers,240,49,90,0.544,19,35,0.543,9,11,0.818,11,37,48,31,8,2,15,18,126,New York Knicks,240,39,85,0.459,9,31,0.29,22,24,0.917,7,25,32,21,9,9,10,14,109,1
"Sun, Nov 7, 2021",Utah Jazz,240,34,89,0.382,8,42,0.19,24,29,0.828,16,34,50,21,10,7,17,17,100,Orlando Magic,240,43,87,0.494,12,32,0.375,9,11,0.818,7,32,39,24,8,8,13,22,107,0
"Sun, Nov 7, 2021",Indiana Pacers,240,37,83,0.446,6,25,0.24,14,18,0.778,13,41,54,13,8,7,19,24,94,Sacramento Kings,240,31,84,0.369,10,34,0.294,19,22,0.864,8,25,33,20,14,6,12,18,91,1
"Sun, Nov 7, 2021",Milwaukee Bucks,240,37,94,0.394,10,36,0.278,10,18,0.556,16,33,49,17,14,3,12,10,94,Washington Wizards,240,41,81,0.506,11,27,0.407,8,13,0.615,4,38,42,24,8,8,19,16,101,0
"Sun, Nov 7, 2021",San Antonio Spurs,240,41,100,0.41,6,30,0.2,6,9,0.667,11,35,46,29,9,10,9,16,94,Oklahoma City Thunder,240,35,94,0.372,12,42,0.286,17,20,0.85,15,42,57,21,5,7,13,14,99,0
"Sun, Nov 7, 2021",Houston Rockets,240,36,79,0.456,10,33,0.303,25,37,0.676,12,30,42,17,11,3,21,16,107,Golden State Warriors,240,44,85,0.518,15,46,0.326,17,20,0.85,7,34,41,31,12,3,15,28,120,0
"Sun, Nov 7, 2021",Charlotte Hornets,240,41,101,0.406,10,33,0.303,14,18,0.778,12,32,44,20,13,2,13,21,106,Los Angeles Clippers,240,41,86,0.477,18,48,0.375,20,21,0.952,7,43,50,24,8,5,20,16,120,0
"Mon, Nov 8, 2021",New York Knicks,240,40,91,0.44,13,40,0.325,10,13,0.769,14,41,55,25,4,4,13,18,103,Philadelphia 76ers,240,35,91,0.385,13,40,0.325,13,16,0.813,12,35,47,20,7,6,8,13,96,1
"Mon, Nov 8, 2021",Brooklyn Nets,240,34,86,0.395,11,33,0.333,16,19,0.842,6,36,42,19,6,7,14,16,95,Chicago Bulls,240,46,98,0.469,9,31,0.29,17,20,0.85,15,41,56,21,8,5,9,17,118,0
"Mon, Nov 8, 2021",Minnesota Timberwolves,265,41,97,0.423,17,45,0.378,19,23,0.826,15,30,45,23,7,8,13,27,118,Memphis Grizzlies,265,46,92,0.5,11,28,0.393,22,26,0.846,15,36,51,28,7,8,13,22,125,0
"Mon, Nov 8, 2021",New Orleans Pelicans,240,37,87,0.425,9,34,0.265,9,11,0.818,9,30,39,27,7,0,13,16,92,Dallas Mavericks,240,43,85,0.506,14,35,0.4,8,13,0.615,9,37,46,27,7,3,12,15,108,0
"Mon, Nov 8, 2021",Miami Heat,240,31,78,0.397,13,36,0.361,21,25,0.84,6,31,37,22,3,3,13,20,96,Denver Nuggets,240,42,91,0.462,12,41,0.293,17,22,0.773,12,37,49,28,7,5,9,23,113,0
"Mon, Nov 8, 2021",Atlanta Hawks,240,38,82,0.463,17,43,0.395,20,26,0.769,3,32,35,21,6,2,18,16,113,Golden State Warriors,240,44,92,0.478,18,44,0.409,21,22,0.955,10,29,39,31,13,4,13,22,127,0
"Mon, Nov 8, 2021",Phoenix Suns,240,44,93,0.473,12,30,0.4,9,11,0.818,5,33,38,28,14,9,14,21,109,Sacramento Kings,240,37,82,0.451,10,24,0.417,20,26,0.769,8,38,46,18,6,6,24,18,104,1
"Mon, Nov 8, 2021",Charlotte Hornets,265,43,99,0.434,14,42,0.333,23,28,0.821,14,41,55,23,5,3,18,23,123,Los Angeles Lakers,265,44,91,0.484,13,32,0.406,25,35,0.714,8,43,51,30,11,8,15,23,126,0
"Tue, Nov 9, 2021",Milwaukee Bucks,240,44,95,0.463,15,39,0.385,15,21,0.714,12,40,52,21,5,6,8,10,118,Philadelphia 76ers,240,42,103,0.408,14,43,0.326,11,12,0.917,13,33,46,21,7,7,7,20,109,1
"Tue, Nov 9, 2021",Atlanta Hawks,240,37,85,0.435,18,35,0.514,6,10,0.6,6,26,32,22,6,5,11,18,98,Utah Jazz,240,41,81,0.506,15,38,0.395,13,16,0.813,8,36,44,21,8,4,14,20,110,0
"Tue, Nov 9, 2021",Portland Trail Blazers,240,43,91,0.473,14,37,0.378,9,12,0.75,9,34,43,29,6,5,9,15,109,Los Angeles Clippers,240,44,85,0.518,16,30,0.533,13,19,0.684,5,38,43,25,5,0,8,17,117,0
"Wed, Nov 10, 2021",Washington Wizards,240,35,84,0.417,10,28,0.357,17,17,1.0,12,37,49,25,9,2,12,20,97,Cleveland Cavaliers,240,35,76,0.461,9,31,0.29,15,21,0.714,6,34,40,21,7,4,14,18,94,1
"Wed, Nov 10, 2021",Brooklyn Nets,240,46,91,0.505,16,37,0.432,15,17,0.882,8,41,49,29,8,5,15,18,123,Orlando Magic,240,35,92,0.38,4,33,0.121,16,24,0.667,12,37,49,19,10,3,17,18,90,1
"Wed, Nov 10, 2021",Toronto Raptors,240,33,77,0.429,6,25,0.24,16,19,0.842,6,35,41,20,8,8,18,17,88,Boston Celtics,240,42,94,0.447,10,29,0.345,10,15,0.667,12,32,44,21,10,5,15,13,104,0
"Wed, Nov 10, 2021",Detroit Pistons,240,42,97,0.433,16,48,0.333,12,18,0.667,16,33,49,23,6,6,14,26,112,Houston Rockets,240,35,82,0.427,12,34,0.353,22,34,0.647,8,34,42,17,5,5,13,20,104,1
"Wed, Nov 10, 2021",Milwaukee Bucks,240,40,90,0.444,26,50,0.52,6,9,0.667,13,37,50,29,4,4,14,17,112,New York Knicks,240,36,83,0.434,16,37,0.432,12,17,0.706,7,31,38,19,9,10,10,17,100,1
"Wed, Nov 10, 2021",Dallas Mavericks,240,38,83,0.458,12,33,0.364,19,24,0.792,8,35,43,23,9,4,12,16,107,Chicago Bulls,240,45,89,0.506,15,31,0.484,12,14,0.857,8,38,46,26,9,2,11,15,117,0
"Wed, Nov 10, 2021",Charlotte Hornets,240,41,90,0.456,15,36,0.417,21,24,0.875,9,40,49,32,13,7,17,16,118,Memphis Grizzlies,240,45,107,0.421,9,38,0.237,9,15,0.6,20,37,57,27,14,8,16,18,108,1
"Wed, Nov 10, 2021",Oklahoma City Thunder,240,37,87,0.425,10,34,0.294,24,30,0.8,13,43,56,23,6,4,18,23,108,New Orleans Pelicans,240,34,97,0.351,9,35,0.257,23,32,0.719,19,31,50,24,13,5,9,20,100,1
"Wed, Nov 10, 2021",Sacramento Kings,240,47,91,0.516,10,36,0.278,13,16,0.813,11,33,44,20,4,6,15,26,117,San Antonio Spurs,240,49,92,0.533,18,32,0.563,20,31,0.645,12,31,43,34,11,3,8,16,136,0
"Wed, Nov 10, 2021",Indiana Pacers,240,40,84,0.476,11,31,0.355,7,11,0.636,10,38,48,22,5,11,12,19,98,Denver Nuggets,240,36,84,0.429,12,30,0.4,17,20,0.85,11,28,39,19,5,4,10,14,101,0
"Wed, Nov 10, 2021",Portland Trail Blazers,240,44,91,0.484,7,30,0.233,14,16,0.875,14,32,46,24,5,2,14,21,109,Phoenix Suns,240,49,94,0.521,11,28,0.393,10,12,0.833,9,30,39,27,6,6,10,20,119,0
"Wed, Nov 10, 2021",Minnesota Timberwolves,240,39,95,0.411,17,44,0.386,15,20,0.75,17,23,40,30,8,4,17,28,110,Golden State Warriors,240,40,85,0.471,11,40,0.275,32,40,0.8,20,33,53,23,14,6,16,21,123,0
"Wed, Nov 10, 2021",Miami Heat,265,40,96,0.417,10,37,0.27,27,35,0.771,11,36,47,26,14,2,14,25,117,Los Angeles Lakers,265,46,92,0.5,18,38,0.474,10,16,0.625,9,41,50,26,5,6,22,27,120,0
"Thu, Nov 11, 2021",Toronto Raptors,240,42,96,0.438,14,33,0.424,17,17,1.0,16,31,47,25,10,7,11,18,115,Philadelphia 76ers,240,40,88,0.455,11,34,0.324,18,19,0.947,9,30,39,29,8,8,12,16,109,1
"Thu, Nov 11, 2021",Indiana Pacers,240,43,96,0.448,11,31,0.355,14,19,0.737,15,38,53,19,7,5,10,23,111,Utah Jazz,240,39,83,0.47,9,32,0.281,13,23,0.565,7,30,37,22,6,4,12,16,100,1
"Thu, Nov 11, 2021",Miami Heat,240,43,97,0.443,9,41,0.22,14,17,0.824,18,32,50,18,9,4,15,21,109,Los Angeles Clippers,240,43,91,0.473,11,37,0.297,15,17,0.882,9,33,42,20,9,9,12,14,112,0
"Fri, Nov 12, 2021",New York Knicks,240,36,93,0.387,13,35,0.371,11,18,0.611,14,37,51,17,8,5,19,22,96,Charlotte Hornets,240,39,90,0.433,10,36,0.278,16,24,0.667,12,37,49,25,10,5,12,18,104,0
"Fri, Nov 12, 2021",Milwaukee Bucks,265,44,98,0.449,16,47,0.34,9,11,0.818,12,27,39,23,7,3,11,19,113,Boston Celtics,265,47,96,0.49,12,41,0.293,16,18,0.889,16,37,53,22,5,7,16,12,122,0
"Fri, Nov 12, 2021",Detroit Pistons,240,29,79,0.367,9,30,0.3,11,13,0.846,10,33,43,18,12,5,23,13,78,Cleveland Cavaliers,240,39,82,0.476,14,41,0.341,6,9,0.667,8,32,40,27,12,6,19,11,98,0
"Fri, Nov 12, 2021",Portland Trail Blazers,240,34,87,0.391,11,36,0.306,25,31,0.806,11,41,52,21,10,4,13,27,104,Houston Rockets,240,34,85,0.4,7,32,0.219,17,27,0.63,9,40,49,13,6,6,13,23,92,1
"Fri, Nov 12, 2021",Phoenix Suns,240,46,94,0.489,18,37,0.486,9,9,1.0,4,42,46,28,12,6,12,22,119,Memphis Grizzlies,240,37,98,0.378,7,33,0.212,13,23,0.565,17,42,59,19,6,6,15,16,94,1
"Fri, Nov 12, 2021",Brooklyn Nets,240,41,82,0.5,18,34,0.529,20,27,0.741,7,27,34,27,9,4,12,20,120,New Orleans Pelicans,240,43,88,0.489,13,32,0.406,13,16,0.813,12,31,43,26,6,5,15,26,112,1
"Fri, Nov 12, 2021",Sacramento Kings,240,38,95,0.4,14,41,0.341,13,17,0.765,11,38,49,20,5,7,13,12,103,Oklahoma City Thunder,240,42,99,0.424,10,30,0.333,11,15,0.733,16,36,52,13,8,6,10,18,105,0
"Fri, Nov 12, 2021",Dallas Mavericks,240,46,100,0.46,18,45,0.4,13,19,0.684,10,38,48,30,9,7,5,18,123,San Antonio Spurs,240,41,84,0.488,13,30,0.433,14,20,0.7,3,38,41,30,3,3,13,17,109,1
"Fri, Nov 12, 2021",Atlanta Hawks,240,38,93,0.409,5,28,0.179,15,21,0.714,14,36,50,20,2,5,8,20,96,Denver Nuggets,240,40,90,0.444,10,35,0.286,15,20,0.75,10,39,49,26,6,5,7,21,105,0
"Fri, Nov 12, 2021",Chicago Bulls,240,34,78,0.436,8,27,0.296,17,22,0.773,7,31,38,18,9,2,20,16,93,Golden State Warriors,240,45,93,0.484,15,46,0.326,14,16,0.875,12,35,47,27,15,3,16,15,119,0
"Fri, Nov 12, 2021",Minnesota Timberwolves,240,43,94,0.457,12,37,0.324,9,12,0.75,14,40,54,24,10,4,16,21,107,Los Angeles Lakers,240,29,82,0.354,9,41,0.22,16,20,0.8,11,33,44,17,12,8,19,14,83,1
"Sat, Nov 13, 2021",Miami Heat,240,42,85,0.494,13,33,0.394,14,16,0.875,13,35,48,23,6,3,19,25,111,Utah Jazz,240,35,85,0.412,17,53,0.321,18,25,0.72,12,26,38,23,13,2,16,19,105,1
"Sat, Nov 13, 2021",Philadelphia 76ers,240,38,89,0.427,12,23,0.522,25,29,0.862,18,28,46,16,11,2,14,22,113,Indiana Pacers,240,47,82,0.573,14,28,0.5,10,15,0.667,7,30,37,33,7,10,15,21,118,0
"Sat, Nov 13, 2021",Memphis Grizzlies,240,38,88,0.432,8,24,0.333,17,21,0.81,13,26,39,21,6,6,9,19,101,New Orleans Pelicans,240,38,79,0.481,14,29,0.483,22,25,0.88,8,29,37,29,5,6,13,22,112,0
"Sat, Nov 13, 2021",Washington Wizards,240,42,84,0.5,12,35,0.343,8,10,0.8,7,41,48,29,6,7,15,17,104,Orlando Magic,240,31,92,0.337,13,40,0.325,17,20,0.85,14,30,44,21,7,5,13,15,92,1
"Sat, Nov 13, 2021",Detroit Pistons,240,43,79,0.544,15,35,0.429,26,30,0.867,9,25,34,34,5,6,13,23,127,Toronto Raptors,240,44,87,0.506,13,34,0.382,20,31,0.645,15,24,39,21,9,1,13,25,121,1
"Sat, Nov 13, 2021",Boston Celtics,240,33,78,0.423,6,23,0.261,17,18,0.944,10,37,47,20,7,3,19,16,89,Cleveland Cavaliers,240,31,81,0.383,10,38,0.263,19,22,0.864,9,30,39,17,10,4,11,19,91,0
"Sat, Nov 13, 2021",Minnesota Timberwolves,240,40,102,0.392,11,36,0.306,11,16,0.688,12,29,41,25,8,6,10,15,102,Los Angeles Clippers,240,53,99,0.535,16,40,0.4,7,9,0.778,11,46,57,35,6,8,14,17,129,0
"Sun, Nov 14, 2021",San Antonio Spurs,240,40,90,0.444,16,36,0.444,10,15,0.667,11,32,43,28,9,2,15,17,106,Los Angeles Lakers,240,43,83,0.518,15,31,0.484,13,17,0.765,9,37,46,28,6,5,14,16,114,0
"Sun, Nov 14, 2021",Milwaukee Bucks,240,38,84,0.452,14,41,0.341,10,16,0.625,4,26,30,24,8,3,11,17,100,Atlanta Hawks,240,47,97,0.485,15,35,0.429,11,13,0.846,15,36,51,21,6,1,12,19,120,0
"Sun, Nov 14, 2021",Golden State Warriors,240,38,90,0.422,9,39,0.231,17,25,0.68,11,38,49,31,8,7,15,17,102,Charlotte Hornets,240,42,88,0.477,14,36,0.389,8,12,0.667,4,35,39,23,10,2,11,21,106,0
"Sun, Nov 14, 2021",Phoenix Suns,240,42,97,0.433,14,40,0.35,17,20,0.85,12,40,52,19,16,7,10,19,115,Houston Rockets,240,35,85,0.412,7,32,0.219,12,18,0.667,9,39,48,19,7,5,23,19,89,1
"Sun, Nov 14, 2021",Brooklyn Nets,240,41,82,0.5,18,43,0.419,20,21,0.952,7,37,44,31,8,3,13,15,120,Oklahoma City Thunder,240,36,90,0.4,14,45,0.311,10,11,0.909,10,34,44,20,9,2,14,22,96,1
"Sun, Nov 14, 2021",Portland Trail Blazers,240,35,80,0.438,13,39,0.333,12,13,0.923,8,28,36,22,8,4,12,15,95,Denver Nuggets,240,47,90,0.522,19,40,0.475,11,14,0.786,14,35,49,29,9,1,9,14,124,0
"Sun, Nov 14, 2021",Chicago Bulls,240,38,86,0.442,11,29,0.379,13,14,0.929,7,38,45,19,9,4,15,20,100,Los Angeles Clippers,240,29,81,0.358,11,34,0.324,21,21,1.0,9,35,44,16,7,7,19,15,90,1
"Mon, Nov 15, 2021",Boston Celtics,240,36,78,0.462,10,29,0.345,16,20,0.8,6,40,46,23,7,6,14,16,98,Cleveland Cavaliers,240,32,83,0.386,16,40,0.4,12,16,0.75,7,35,42,18,6,3,13,18,92,1
"Mon, Nov 15, 2021",Sacramento Kings,240,52,98,0.531,16,33,0.485,9,11,0.818,11,36,47,32,11,5,13,17,129,Detroit Pistons,240,39,96,0.406,13,47,0.277,16,17,0.941,16,31,47,23,7,2,17,10,107,1
"Mon, Nov 15, 2021",New Orleans Pelicans,240,30,74,0.405,11,21,0.524,29,34,0.853,7,38,45,20,2,3,12,25,100,Washington Wizards,240,39,84,0.464,10,28,0.357,17,25,0.68,6,36,42,23,9,4,5,22,105,0
"Mon, Nov 15, 2021",Orlando Magic,240,43,95,0.453,16,43,0.372,9,14,0.643,12,29,41,30,8,5,16,27,111,Atlanta Hawks,240,47,85,0.553,14,30,0.467,21,32,0.656,9,37,46,32,10,7,11,17,129,0
"Mon, Nov 15, 2021",Indiana Pacers,240,32,86,0.372,8,37,0.216,12,16,0.75,9,35,44,16,6,6,7,15,84,New York Knicks,240,37,86,0.43,11,34,0.324,7,10,0.7,8,38,46,22,1,5,10,15,92,0
"Mon, Nov 15, 2021",Denver Nuggets,240,40,84,0.476,9,32,0.281,12,17,0.706,10,36,46,20,4,5,11,16,101,Dallas Mavericks,240,45,90,0.5,14,36,0.389,7,10,0.7,10,34,44,30,7,2,8,19,111,0
"Mon, Nov 15, 2021",Houston Rockets,240,36,95,0.379,11,38,0.289,19,26,0.731,14,32,46,24,6,5,17,16,102,Memphis Grizzlies,240,52,96,0.542,16,41,0.39,16,20,0.8,7,42,49,33,14,8,10,21,136,0
"Mon, Nov 15, 2021",Phoenix Suns,240,32,85,0.376,7,31,0.226,28,36,0.778,14,38,52,21,8,2,15,23,99,Minnesota Timberwolves,240,31,85,0.365,13,44,0.295,21,27,0.778,13,41,54,18,8,3,18,28,96,1
"Mon, Nov 15, 2021",Miami Heat,240,37,82,0.451,18,40,0.45,11,13,0.846,8,37,45,22,11,5,17,13,103,Oklahoma City Thunder,240,34,83,0.41,15,41,0.366,7,10,0.7,9,33,42,26,6,10,20,15,90,1
"Mon, Nov 15, 2021",Toronto Raptors,240,41,89,0.461,15,33,0.455,16,18,0.889,12,27,39,20,7,2,11,17,113,Portland Trail Blazers,240,46,82,0.561,16,36,0.444,10,14,0.714,7,32,39,25,6,7,12,15,118,0
"Mon, Nov 15, 2021",Chicago Bulls,240,49,89,0.551,15,34,0.441,8,11,0.727,4,32,36,31,9,2,16,21,121,Los Angeles Lakers,240,36,79,0.456,6,32,0.188,25,31,0.806,8,35,43,19,10,5,17,15,103,1
"Tue, Nov 16, 2021",Golden State Warriors,240,41,79,0.519,13,40,0.325,22,28,0.786,9,44,53,25,4,8,21,27,117,Brooklyn Nets,240,34,88,0.386,10,36,0.278,21,27,0.778,9,29,38,21,12,2,11,23,99,1
"Tue, Nov 16, 2021",Philadelphia 76ers,240,33,90,0.367,6,29,0.207,13,17,0.765,6,36,42,19,5,5,8,16,85,Utah Jazz,240,46,89,0.517,16,38,0.421,12,19,0.632,6,50,56,27,5,8,9,20,120,0
"Tue, Nov 16, 2021",San Antonio Spurs,240,41,95,0.432,5,22,0.227,5,7,0.714,6,35,41,26,10,4,16,17,92,Los Angeles Clippers,240,37,85,0.435,12,38,0.316,20,22,0.909,6,46,52,16,9,3,20,13,106,0
"Wed, Nov 17, 2021",Washington Wizards,240,33,90,0.367,8,42,0.19,13,16,0.813,11,37,48,23,7,5,10,12,87,Charlotte Hornets,240,42,96,0.438,10,32,0.313,3,6,0.5,16,43,59,30,6,8,11,16,97,0
"Wed, Nov 17, 2021",Indiana Pacers,240,33,79,0.418,9,37,0.243,14,19,0.737,7,36,43,14,5,5,18,22,89,Detroit Pistons,240,34,80,0.425,8,28,0.286,21,28,0.75,8,34,42,16,13,5,12,20,97,0
"Wed, Nov 17, 2021",Boston Celtics,240,37,84,0.44,11,41,0.268,14,17,0.824,12,30,42,24,9,2,14,17,99,Atlanta Hawks,240,41,81,0.506,13,37,0.351,15,18,0.833,6,34,40,28,9,4,11,17,110,0
"Wed, Nov 17, 2021",Cleveland Cavaliers,240,35,89,0.393,11,44,0.25,18,21,0.857,12,38,50,20,9,1,13,17,99,Brooklyn Nets,240,38,83,0.458,12,32,0.375,21,25,0.84,8,39,47,29,7,3,11,20,109,0
"Wed, Nov 17, 2021",New Orleans Pelicans,240,33,75,0.44,10,35,0.286,22,28,0.786,10,28,38,18,6,3,16,21,98,Miami Heat,240,42,87,0.483,15,40,0.375,14,17,0.824,10,29,39,29,6,2,10,25,113,0
"Wed, Nov 17, 2021",Los Angeles Lakers,240,40,96,0.417,12,43,0.279,10,12,0.833,11,37,48,24,8,4,13,19,102,Milwaukee Bucks,240,40,87,0.46,12,37,0.324,17,24,0.708,9,43,52,22,9,4,15,10,109,0
"Wed, Nov 17, 2021",Orlando Magic,240,39,96,0.406,11,38,0.289,15,18,0.833,14,37,51,20,7,3,12,19,104,New York Knicks,240,37,88,0.42,16,49,0.327,8,12,0.667,11,34,45,25,5,7,18,20,98,1
"Wed, Nov 17, 2021",Sacramento Kings,240,34,93,0.366,10,38,0.263,19,25,0.76,20,27,47,19,7,3,16,22,97,Minnesota Timberwolves,240,41,82,0.5,10,36,0.278,15,18,0.833,10,25,35,20,8,10,17,24,107,0
"Wed, Nov 17, 2021",Houston Rockets,240,32,90,0.356,12,42,0.286,13,19,0.684,9,37,46,16,6,4,14,14,89,Oklahoma City Thunder,240,41,92,0.446,10,39,0.256,9,16,0.563,9,47,56,18,10,6,10,19,101,0
"Wed, Nov 17, 2021",Dallas Mavericks,240,38,92,0.413,16,32,0.5,6,6,1.0,9,41,50,28,5,2,10,14,98,Phoenix Suns,240,41,93,0.441,13,39,0.333,10,14,0.714,8,41,49,27,6,7,7,9,105,0
"Wed, Nov 17, 2021",Chicago Bulls,240,39,83,0.47,13,29,0.448,16,20,0.8,10,26,36,23,7,9,15,23,107,Portland Trail Blazers,240,37,84,0.44,11,31,0.355,27,28,0.964,12,32,44,26,10,5,16,19,112,0
"Thu, Nov 18, 2021",Golden State Warriors,240,41,83,0.494,15,43,0.349,7,8,0.875,5,29,34,36,12,2,11,17,104,Cleveland Cavaliers,240,34,80,0.425,12,39,0.308,9,16,0.563,13,29,42,22,6,3,17,11,89,1
"Thu, Nov 18, 2021",Washington Wizards,240,38,77,0.494,15,36,0.417,6,10,0.6,5,32,37,25,4,3,17,19,97,Miami Heat,240,41,82,0.5,10,26,0.385,20,24,0.833,7,34,41,27,10,1,6,13,112,0
"Thu, Nov 18, 2021",Los Angeles Clippers,240,42,90,0.467,16,39,0.41,8,8,1.0,7,27,34,24,6,6,13,15,108,Memphis Grizzlies,240,52,96,0.542,11,26,0.423,5,6,0.833,12,35,47,28,8,7,11,17,120,0
"Thu, Nov 18, 2021",San Antonio Spurs,240,35,84,0.417,6,32,0.188,14,19,0.737,11,31,42,26,7,6,12,12,90,Minnesota Timberwolves,240,41,86,0.477,21,49,0.429,12,15,0.8,12,35,47,30,5,9,12,17,115,0
"Thu, Nov 18, 2021",Philadelphia 76ers,240,43,85,0.506,11,29,0.379,6,12,0.5,6,39,45,22,5,7,9,18,103,Denver Nuggets,240,32,89,0.36,12,36,0.333,13,16,0.813,10,36,46,22,6,4,10,14,89,1
"Thu, Nov 18, 2021",Toronto Raptors,240,39,94,0.415,10,38,0.263,15,17,0.882,14,21,35,24,10,3,12,13,103,Utah Jazz,240,44,80,0.55,19,46,0.413,12,13,0.923,10,36,46,34,8,9,23,18,119,0
