FG_home,FG%_home,3P%_home,FT%_home,ORB_home,DRB_home,TRB_home,AST_home,STL_home,TOV_home,PTS_home,LogRatio_home,RB_aggr_home,eFG%_home,TS%_home,FG_away,FG%_away,3P%_away,FT%_away,ORB_away,DRB_away,TRB_away,AST_away,STL_away,TOV_away,PTS_away,LogRatio_away,RB_aggr_away,eFG%_away,TS%_away,HomeTeamWon,Winner
36.33333,0.387,0.24533,0.83433,11.66667,31.66667,43.33333,15.66667,7.66667,9.66667,97.66667,-0.16081,0.28239,0.43283,0.49699,37.33333,0.41667,0.30267,0.91867,9.33333,31.33333,40.66667,23.0,7.0,13.66667,100.66667,-0.23192,0.23067,0.48152,0.54045,1.0,1
34.66667,0.443,0.32433,0.746,8.33333,33.33333,41.66667,21.33333,5.66667,16.0,99.33333,-0.09646,0.24491,0.52177,0.59562,44.66667,0.50067,0.355,0.88933,14.0,38.33333,52.33333,23.33333,10.33333,13.33333,119.66667,0.25136,0.48789,0.56028,0.63426,0.0,0
41.33333,0.43633,0.36367,0.77267,8.33333,36.0,44.33333,19.66667,9.0,9.33333,108.66667,0.04348,0.21432,0.51002,0.55363,39.0,0.47167,0.383,0.78467,10.66667,31.0,41.66667,21.66667,4.0,19.0,103.66667,-0.07925,0.3957,0.54397,0.59939,0.66667,1
47.0,0.47033,0.462,0.74867,11.33333,30.33333,41.66667,25.0,10.66667,9.0,125.33333,0.0871,0.32221,0.54766,0.59946,38.0,0.4,0.28,0.795,12.33333,42.0,54.33333,21.0,7.0,12.66667,102.33333,0.06825,0.31528,0.44763,0.51301,0.33333,0
38.66667,0.456,0.29833,0.715,9.33333,34.0,43.33333,23.33333,11.33333,15.66667,97.66667,0.02561,0.32517,0.50903,0.55217,45.0,0.46833,0.35233,0.87467,11.33333,39.0,50.33333,30.66667,4.66667,13.33333,125.0,-0.01311,0.32198,0.56038,0.62193,0.66667,1
39.33333,0.44,0.35633,0.773,12.66667,31.66667,44.33333,21.33333,8.0,14.66667,103.33333,-0.1006,0.40525,0.50106,0.55314,37.0,0.42067,0.35,0.684,14.33333,29.33333,43.66667,22.33333,7.33333,15.0,99.66667,-0.20625,0.45216,0.48374,0.53803,1.0,0
39.66667,0.431,0.29367,0.76067,11.0,34.33333,45.33333,22.66667,10.33333,15.0,99.33333,-0.09355,0.31568,0.48912,0.52445,42.66667,0.45967,0.34767,0.80533,11.33333,37.33333,48.66667,28.66667,10.0,15.0,118.0,0.06033,0.36585,0.52588,0.59962,0.33333,0
38.33333,0.43967,0.33767,0.88167,10.0,36.0,46.0,21.66667,8.0,11.0,109.66667,0.0601,0.29628,0.503,0.593,42.0,0.45167,0.35033,0.69033,12.66667,33.66667,46.33333,25.33333,10.0,12.0,107.33333,0.00193,0.34908,0.51664,0.55606,0.66667,1
40.66667,0.46567,0.344,0.759,7.33333,44.33333,51.66667,25.33333,7.66667,14.66667,104.66667,0.25323,0.20465,0.53585,0.57779,43.0,0.471,0.33533,0.79133,9.66667,38.33333,48.0,19.33333,6.66667,16.33333,114.33333,-0.05708,0.29755,0.53136,0.59679,0.33333,1
35.0,0.38867,0.30067,0.86533,8.66667,34.33333,43.0,21.66667,10.33333,15.0,99.33333,-0.11629,0.20171,0.46372,0.52861,37.66667,0.41933,0.33467,0.69733,13.0,38.0,51.0,21.66667,6.33333,14.33333,101.33333,-0.09534,0.36561,0.48509,0.53768,1.0,1
44.0,0.46867,0.32733,0.75933,11.33333,32.66667,44.0,25.66667,12.33333,13.66667,112.33333,0.11101,0.33025,0.52022,0.57284,33.66667,0.41133,0.24867,0.764,8.0,33.33333,41.33333,21.33333,9.0,16.33333,90.0,-0.13338,0.21604,0.45472,0.52363,0.66667,0
39.66667,0.476,0.414,0.872,6.33333,39.33333,45.66667,23.33333,10.33333,15.0,109.66667,0.19386,0.23122,0.54629,0.62379,36.0,0.38033,0.261,0.764,12.66667,41.0,53.66667,19.0,6.66667,13.33333,98.0,-0.03979,0.31171,0.42437,0.49115,0.66667,0
40.0,0.45533,0.37433,0.79633,9.66667,34.0,43.66667,25.33333,7.0,12.0,104.0,-0.08381,0.29321,0.52543,0.57161,39.0,0.45567,0.421,0.78733,10.0,38.66667,48.66667,22.33333,6.66667,16.33333,104.66667,0.13164,0.31581,0.53362,0.58559,0.33333,1
41.0,0.46033,0.34533,0.63767,8.0,36.66667,44.66667,22.0,4.66667,16.33333,106.33333,-0.11751,0.23252,0.53886,0.57427,39.33333,0.421,0.33567,0.73467,15.33333,33.66667,49.0,22.66667,8.0,15.66667,107.33333,-0.07409,0.49113,0.49042,0.54592,0.66667,0
41.33333,0.46633,0.29633,0.86733,11.0,34.66667,45.66667,21.0,7.33333,17.33333,106.66667,-0.0445,0.37296,0.52812,0.57986,36.66667,0.39933,0.26833,0.82533,7.0,38.0,45.0,21.0,11.33333,13.33333,99.66667,-0.10401,0.16506,0.46058,0.51999,0.66667,0
41.33333,0.45033,0.33,0.703,12.33333,34.0,46.33333,24.33333,14.0,14.66667,111.66667,0.17227,0.34631,0.51824,0.57672,38.0,0.432,0.31267,0.67733,14.66667,32.0,46.66667,23.66667,10.33333,19.0,101.33333,-0.11955,0.49528,0.48993,0.54443,1.0,0
43.66667,0.55467,0.44633,0.79967,6.0,39.33333,45.33333,25.33333,8.33333,17.33333,116.33333,0.23393,0.23771,0.63326,0.69866,37.66667,0.43267,0.331,0.721,8.0,38.66667,46.66667,22.66667,9.0,15.33333,106.66667,0.03937,0.2368,0.5187,0.57971,0.33333,1
40.33333,0.459,0.31867,0.54033,8.66667,37.33333,46.0,21.33333,6.66667,17.33333,99.66667,0.00843,0.23759,0.52881,0.54993,38.33333,0.43033,0.32033,0.78767,9.66667,38.66667,48.33333,20.0,8.33333,16.66667,102.33333,0.00244,0.27297,0.48827,0.54804,0.33333,0
42.33333,0.46433,0.43233,0.733,13.66667,38.0,51.66667,25.0,8.0,17.0,113.66667,0.05479,0.40792,0.55188,0.59697,40.0,0.48767,0.407,0.82233,9.66667,35.0,44.66667,26.0,7.33333,18.0,111.33333,0.13624,0.32124,0.58409,0.64611,0.0,1
42.33333,0.45633,0.383,0.71767,10.66667,43.66667,54.33333,25.66667,9.0,14.0,111.33333,0.36352,0.30118,0.54975,0.58292,35.66667,0.41667,0.261,0.82333,11.33333,39.33333,50.66667,17.66667,8.33333,20.33333,99.33333,-0.04598,0.37869,0.46649,0.54691,0.33333,0
42.33333,0.441,0.34633,0.68467,12.66667,38.33333,51.0,25.33333,10.66667,13.66667,116.33333,0.09083,0.30792,0.51658,0.57514,38.33333,0.435,0.26667,0.814,11.66667,39.0,50.66667,19.0,9.66667,11.33333,107.33333,0.17012,0.35951,0.49107,0.575,0.0,0
41.0,0.45367,0.33567,0.78733,11.66667,36.0,47.66667,20.33333,7.0,15.0,106.33333,0.08201,0.35359,0.52332,0.56669,44.0,0.49033,0.391,0.74367,8.0,34.0,42.0,32.0,8.66667,13.33333,115.66667,0.02373,0.25657,0.57234,0.6183,0.66667,0
37.0,0.37767,0.30633,0.74967,11.33333,42.0,53.33333,20.0,6.0,13.66667,107.66667,-0.0999,0.26311,0.44243,0.51716,33.33333,0.39233,0.30333,0.67133,7.33333,30.66667,38.0,20.33333,7.0,14.0,94.66667,-0.32711,0.1794,0.46499,0.52526,1.0,1
36.33333,0.383,0.22167,0.79467,12.66667,33.33333,46.0,17.0,10.33333,11.66667,99.66667,-0.14466,0.30563,0.42136,0.49675,39.66667,0.44133,0.34867,0.699,7.66667,39.66667,47.33333,25.33333,6.66667,12.66667,106.33333,-0.0299,0.21378,0.511,0.56294,0.33333,1
41.66667,0.46067,0.31433,0.80267,16.0,33.0,49.0,24.33333,10.33333,12.33333,118.66667,0.05967,0.56763,0.52643,0.61243,40.0,0.42533,0.323,0.76133,12.33333,38.33333,50.66667,24.0,8.66667,16.0,115.66667,-0.01009,0.31917,0.4951,0.57532,0.66667,1
39.0,0.426,0.372,0.726,11.66667,33.0,44.66667,24.66667,10.66667,14.66667,107.33333,0.05837,0.30093,0.50109,0.55893,40.66667,0.456,0.383,0.71533,8.0,36.33333,44.33333,24.66667,8.0,15.66667,104.0,0.02396,0.19807,0.54204,0.56794,0.33333,0
37.0,0.428,0.35733,0.89767,8.66667,33.33333,42.0,26.33333,6.0,12.0,105.33333,-0.14,0.26261,0.50345,0.57908,42.33333,0.478,0.396,0.74,9.0,33.0,42.0,25.33333,9.0,14.66667,111.33333,0.00706,0.28362,0.54583,0.60041,0.33333,0
41.0,0.456,0.341,0.71267,8.66667,36.0,44.66667,26.66667,8.66667,17.0,104.33333,-0.05973,0.24648,0.53056,0.56334,42.0,0.47867,0.35967,0.81167,9.66667,34.66667,44.33333,28.0,7.0,14.66667,112.0,0.05839,0.28598,0.55883,0.61217,0.33333,0
42.33333,0.447,0.30867,0.78233,12.66667,33.0,45.66667,26.66667,8.66667,10.0,111.33333,0.17043,0.34417,0.50236,0.56094,38.33333,0.46,0.374,0.83367,9.0,30.33333,39.33333,22.33333,7.66667,14.33333,104.66667,-0.02754,0.28305,0.53145,0.59773,0.33333,0
43.0,0.47867,0.37667,0.582,9.33333,36.0,45.33333,25.0,7.0,15.0,109.33333,0.02953,0.2733,0.56427,0.58939,40.0,0.47867,0.39367,0.66733,8.33333,34.33333,42.66667,26.66667,10.33333,12.66667,111.0,0.22205,0.26633,0.57326,0.62784,0.0,1
40.66667,0.463,0.426,0.725,9.33333,37.33333,46.66667,22.33333,7.0,16.33333,114.33333,0.05095,0.26683,0.54967,0.61553,41.66667,0.45067,0.36367,0.87467,11.66667,34.33333,46.0,26.33333,9.0,13.66667,114.0,0.00588,0.33108,0.52189,0.58733,0.66667,1
42.66667,0.48333,0.344,0.812,10.33333,38.33333,48.66667,26.0,8.66667,17.0,113.0,0.13346,0.35235,0.56295,0.61444,39.0,0.428,0.36167,0.85667,11.66667,33.0,44.66667,22.0,9.0,13.0,109.33333,0.03283,0.3273,0.50344,0.57154,0.33333,0
34.0,0.42767,0.349,0.72167,8.33333,32.66667,41.0,21.33333,5.66667,20.0,93.66667,-0.21184,0.22621,0.51182,0.56248,48.0,0.49733,0.268,0.75767,7.0,39.33333,46.33333,25.66667,5.66667,12.0,119.0,-0.06173,0.1803,0.53784,0.58929,1.0,1
44.0,0.49267,0.39767,0.83833,7.33333,33.66667,41.0,30.33333,9.33333,13.0,121.66667,0.11083,0.2088,0.59354,0.65145,39.33333,0.444,0.31467,0.662,8.66667,32.33333,41.0,20.66667,7.0,12.66667,103.0,-0.17974,0.21791,0.49816,0.55024,1.0,0
44.0,0.47667,0.33467,0.882,9.33333,34.66667,44.0,24.66667,7.33333,8.66667,114.33333,0.15647,0.27183,0.5414,0.59543,35.66667,0.39967,0.30533,0.74133,11.66667,34.0,45.66667,20.66667,9.0,14.33333,98.33333,-0.09111,0.30062,0.45312,0.52114,0.66667,0
41.66667,0.444,0.35033,0.83733,12.0,33.66667,45.66667,20.66667,7.0,11.0,110.33333,-0.0558,0.36893,0.51931,0.56753,40.66667,0.47433,0.34033,0.85733,8.66667,30.66667,39.33333,27.66667,6.66667,13.33333,110.33333,-0.02508,0.26141,0.55082,0.61384,0.66667,0
39.66667,0.44933,0.38833,0.746,8.0,34.0,42.0,21.33333,8.0,12.0,103.33333,-0.05811,0.2118,0.52664,0.56484,41.66667,0.50367,0.33967,0.83667,9.0,37.0,46.0,22.66667,7.66667,15.66667,110.66667,0.01421,0.33164,0.55945,0.63172,0.33333,0
39.0,0.441,0.31533,0.77267,6.66667,31.33333,38.0,19.0,9.66667,9.66667,100.66667,-0.10977,0.17728,0.50116,0.5481,39.0,0.45667,0.38933,0.82867,10.33333,37.66667,48.0,17.66667,5.33333,15.66667,105.66667,0.00682,0.31564,0.52495,0.5885,0.33333,0
36.66667,0.41633,0.36233,0.787,9.66667,34.66667,44.33333,21.66667,6.0,11.0,101.66667,-0.04243,0.26156,0.50183,0.55448,44.0,0.457,0.33867,0.811,14.33333,35.33333,49.66667,28.0,8.0,13.33333,122.0,0.00376,0.4615,0.53446,0.6,0.33333,0
40.0,0.47133,0.428,0.75467,10.66667,29.66667,40.33333,23.66667,8.66667,14.0,108.33333,-0.04495,0.35509,0.54709,0.60552,37.66667,0.44333,0.36133,0.73167,10.66667,28.33333,39.0,22.66667,8.33333,18.66667,110.0,-0.16503,0.32385,0.52869,0.60379,1.0,0
38.66667,0.44967,0.332,0.87233,10.33333,32.33333,42.66667,23.0,7.33333,11.33333,104.33333,-0.04482,0.32955,0.51752,0.58053,36.0,0.40833,0.28233,0.76567,12.0,40.0,52.0,15.0,6.33333,17.66667,95.0,-0.11351,0.33823,0.45951,0.51513,0.66667,1
40.0,0.52667,0.439,0.72967,5.33333,37.66667,43.0,23.0,6.33333,17.33333,110.33333,0.12153,0.18519,0.60733,0.67748,37.66667,0.415,0.334,0.749,13.0,34.33333,47.33333,23.0,8.66667,10.0,98.66667,-0.02802,0.34029,0.47573,0.52394,0.66667,0
40.0,0.469,0.312,0.71267,7.0,39.66667,46.66667,23.33333,8.33333,15.33333,103.0,0.12305,0.19531,0.52582,0.57638,37.33333,0.43533,0.374,0.85933,8.66667,37.0,45.66667,18.66667,5.66667,16.0,102.66667,-0.10208,0.24984,0.50354,0.57019,0.66667,0
31.0,0.344,0.23567,0.76333,11.0,40.0,51.0,17.33333,7.33333,15.0,90.66667,-0.15537,0.27581,0.39657,0.47282,40.0,0.45233,0.37133,0.75567,12.33333,37.33333,49.66667,22.0,6.0,10.66667,107.66667,0.00948,0.36376,0.51335,0.57758,0.66667,0
34.66667,0.40467,0.32633,0.848,7.66667,30.66667,38.33333,21.33333,7.33333,12.66667,102.0,-0.23264,0.19986,0.49056,0.56319,32.0,0.40833,0.26067,0.74833,8.0,36.0,44.0,19.66667,8.0,15.0,89.33333,-0.10932,0.212,0.45742,0.53504,0.66667,0
40.0,0.46133,0.356,0.702,7.66667,35.0,42.66667,22.66667,5.66667,14.33333,103.66667,-0.07036,0.22695,0.54026,0.57761,36.66667,0.413,0.337,0.74833,10.0,32.33333,42.33333,21.33333,9.66667,14.33333,99.0,-0.19253,0.26578,0.47573,0.53246,1.0,1
38.66667,0.46433,0.32633,0.84667,7.33333,32.66667,40.0,26.33333,9.0,12.66667,107.33333,0.07158,0.20361,0.53152,0.60742,34.0,0.378,0.24433,0.833,7.33333,41.0,48.33333,19.0,11.66667,16.33333,92.66667,-0.19868,0.16826,0.4333,0.49391,0.66667,0
43.66667,0.465,0.26967,0.695,11.66667,33.66667,45.33333,24.33333,11.33333,14.33333,110.0,0.10499,0.33268,0.51305,0.56006,38.0,0.41133,0.34867,0.84267,10.66667,32.66667,43.33333,23.33333,10.66667,15.66667,100.66667,-0.08609,0.27258,0.48687,0.52853,0.66667,0
44.0,0.522,0.47533,0.765,6.33333,35.33333,41.66667,27.0,5.0,11.66667,114.33333,0.08995,0.20024,0.60664,0.65264,40.33333,0.45233,0.33333,0.75567,10.66667,39.33333,50.0,23.0,8.0,13.66667,113.66667,0.2238,0.33305,0.54033,0.60414,0.0,1
43.0,0.476,0.39933,0.77833,10.66667,32.33333,43.0,22.0,10.66667,12.33333,119.33333,0.11635,0.32442,0.54639,0.62378,37.33333,0.413,0.33933,0.568,11.33333,32.33333,43.66667,23.66667,7.33333,15.66667,97.66667,-0.29857,0.30089,0.48795,0.5187,1.0,0
38.33333,0.40767,0.38,0.759,12.66667,35.33333,48.0,21.66667,9.0,17.0,103.33333,-0.05635,0.35004,0.49701,0.5334,41.0,0.44133,0.39733,0.86867,9.0,38.0,47.0,28.0,10.33333,15.33333,113.0,0.01765,0.22394,0.52028,0.58183,0.33333,0
44.33333,0.50433,0.38567,0.83767,12.0,44.33333,56.33333,28.33333,8.33333,17.0,122.66667,0.28693,0.46981,0.59772,0.66248,33.33333,0.39067,0.221,0.81433,10.33333,41.33333,51.66667,14.66667,9.33333,22.0,90.66667,-0.09557,0.32196,0.43315,0.50501,0.66667,0
39.66667,0.44633,0.334,0.739,10.33333,38.33333,48.66667,21.66667,10.33333,13.66667,112.33333,0.13839,0.27553,0.52461,0.59329,42.0,0.48267,0.333,0.868,9.33333,34.0,43.33333,24.33333,7.33333,14.33333,109.66667,-0.06149,0.30394,0.54783,0.60536,0.66667,0
41.0,0.47767,0.43333,0.72467,9.66667,34.33333,44.0,26.66667,9.66667,17.33333,112.66667,0.089,0.30311,0.56521,0.62158,44.33333,0.474,0.25433,0.791,8.0,38.33333,46.33333,22.0,7.33333,11.33333,110.66667,-0.01671,0.20543,0.50761,0.56565,0.66667,0
37.66667,0.42067,0.26033,0.81367,9.0,31.33333,40.33333,16.66667,8.66667,9.0,100.0,-0.10092,0.23598,0.46477,0.53161,33.0,0.39767,0.338,0.73633,9.33333,31.33333,40.66667,19.33333,7.33333,14.33333,94.66667,-0.05623,0.25852,0.48086,0.54223,0.66667,0
39.33333,0.41733,0.27167,0.805,12.0,30.66667,42.66667,24.33333,7.0,15.0,103.0,-0.21524,0.3129,0.47439,0.52714,39.66667,0.41033,0.22367,0.83167,10.0,35.0,45.0,19.66667,10.0,10.0,102.66667,-0.10545,0.23471,0.4429,0.50791,0.66667,0
40.0,0.44933,0.35567,0.87067,9.0,34.0,43.0,27.0,6.66667,9.66667,110.33333,0.03121,0.27303,0.51993,0.59032,39.0,0.45033,0.27967,0.81933,8.33333,39.0,47.33333,23.33333,7.66667,12.66667,107.33333,0.12339,0.2484,0.51266,0.58864,0.0,1
38.33333,0.44167,0.296,0.81533,15.33333,34.0,49.33333,22.66667,11.0,16.0,110.33333,-0.04071,0.54819,0.5012,0.59185,42.33333,0.44067,0.30033,0.784,13.0,32.66667,45.66667,22.33333,9.33333,12.33333,108.0,-0.10677,0.35379,0.4982,0.54266,1.0,0
40.0,0.45833,0.28267,0.82733,11.66667,31.66667,43.33333,24.0,11.0,10.0,109.0,0.11922,0.34581,0.51374,0.58918,35.33333,0.40167,0.267,0.78633,16.66667,39.66667,56.33333,19.33333,8.66667,21.0,96.33333,0.0163,0.52309,0.45495,0.52078,0.33333,1
37.66667,0.40633,0.375,0.687,13.0,39.0,52.0,23.33333,8.33333,13.33333,102.0,0.1209,0.32541,0.49291,0.53199,40.66667,0.47867,0.392,0.86133,9.66667,36.0,45.66667,20.66667,5.0,12.33333,112.66667,0.05574,0.28154,0.55013,0.62771,0.0,1
41.0,0.43333,0.35333,0.63967,16.0,31.66667,47.66667,24.66667,11.66667,13.33333,104.0,0.02721,0.51701,0.49005,0.52797,38.33333,0.42733,0.30167,0.85867,11.66667,36.66667,48.33333,23.33333,9.33333,11.66667,107.33333,0.00755,0.34504,0.49817,0.56895,0.33333,1
40.66667,0.43633,0.40267,0.67433,11.0,42.66667,53.66667,25.66667,9.66667,14.66667,108.66667,0.28337,0.29258,0.53158,0.56536,39.0,0.45767,0.316,0.53867,12.33333,30.66667,43.0,24.33333,8.66667,21.33333,101.0,-0.11563,0.38764,0.52339,0.5635,1.0,1
44.0,0.472,0.393,0.66633,12.33333,36.66667,49.0,24.66667,8.66667,11.0,120.0,0.12554,0.36293,0.55058,0.60557,42.0,0.46,0.288,0.76733,9.33333,34.66667,44.0,29.33333,8.66667,13.66667,105.0,-0.01953,0.26218,0.518,0.55837,0.66667,0
40.33333,0.47867,0.35567,0.802,8.33333,29.0,37.33333,21.33333,7.0,10.66667,103.66667,-0.12591,0.2582,0.53711,0.58949,38.66667,0.46,0.351,0.78733,8.0,38.0,46.0,23.0,10.66667,13.33333,104.66667,0.17632,0.25858,0.5204,0.58894,0.0,0
41.66667,0.45733,0.34967,0.66033,11.0,40.0,51.0,20.33333,6.66667,16.0,110.66667,-0.01871,0.30175,0.52657,0.57811,39.0,0.43533,0.329,0.75767,12.33333,40.66667,53.0,22.66667,8.0,14.33333,112.66667,0.23558,0.36758,0.51532,0.59162,0.0,1
42.66667,0.52067,0.44567,0.75733,7.33333,33.0,40.33333,33.0,6.33333,11.66667,115.0,0.10677,0.23455,0.61799,0.66896,36.33333,0.40067,0.25,0.81433,12.0,38.66667,50.66667,16.33333,10.0,16.33333,97.33333,-0.01132,0.35358,0.44379,0.51221,0.66667,0
40.0,0.465,0.378,0.75167,10.66667,33.66667,44.33333,23.0,11.33333,13.66667,111.0,0.13059,0.32789,0.5361,0.60954,41.0,0.44667,0.33933,0.773,9.66667,27.33333,37.0,26.33333,7.0,10.66667,109.33333,-0.12419,0.2612,0.51249,0.56843,0.66667,1
41.66667,0.43733,0.29367,0.66467,12.66667,38.33333,51.0,19.33333,8.0,11.66667,111.0,0.03584,0.34489,0.4986,0.55172,44.66667,0.47867,0.31033,0.77167,10.33333,41.66667,52.0,20.66667,8.0,17.33333,118.33333,0.06156,0.29596,0.53596,0.60205,0.0,0
35.66667,0.42867,0.37667,0.86033,8.33333,29.66667,38.0,22.0,8.66667,11.66667,100.66667,0.01672,0.22214,0.50668,0.57607,40.33333,0.46433,0.41933,0.65833,5.66667,29.33333,35.0,21.66667,7.66667,11.66667,107.0,-0.13022,0.15152,0.54119,0.58661,1.0,1
45.0,0.49633,0.38533,0.83567,8.66667,34.66667,43.33333,28.0,8.0,10.66667,120.33333,0.20932,0.24193,0.58286,0.63684,36.66667,0.408,0.33167,0.884,10.33333,34.0,44.33333,22.33333,9.66667,18.0,101.0,-0.14875,0.2798,0.47796,0.5385,1.0,0
38.33333,0.425,0.30033,0.687,14.0,31.0,45.0,21.66667,10.33333,10.66667,105.66667,-0.04585,0.39165,0.49292,0.55337,40.0,0.47833,0.363,0.788,6.33333,31.0,37.33333,27.0,7.0,12.33333,109.0,-0.036,0.20443,0.56638,0.62174,0.66667,0
40.0,0.43967,0.28233,0.78333,10.0,35.0,45.0,20.33333,9.66667,10.0,103.66667,0.01607,0.26987,0.48978,0.54569,35.66667,0.41467,0.25867,0.78567,10.0,39.33333,49.33333,22.66667,9.33333,13.66667,98.0,0.10629,0.29191,0.46192,0.53713,0.33333,1
41.66667,0.472,0.40333,0.77967,10.0,30.0,40.0,23.66667,11.33333,13.0,112.0,0.08678,0.28123,0.55052,0.60505,42.0,0.436,0.30133,0.754,13.0,31.66667,44.66667,24.0,7.66667,11.33333,106.66667,-0.16005,0.34772,0.49507,0.53544,1.0,1
32.0,0.39767,0.254,0.78033,9.33333,34.33333,43.66667,17.33333,7.66667,15.66667,88.0,-0.1544,0.27218,0.46174,0.52151,34.66667,0.40933,0.336,0.831,10.66667,33.0,43.66667,22.33333,11.0,14.66667,93.0,-0.10834,0.30953,0.4723,0.52797,0.66667,0
43.66667,0.50433,0.37433,0.76633,6.0,39.66667,45.66667,26.33333,9.0,15.0,110.33333,0.2049,0.1724,0.56754,0.61234,45.66667,0.474,0.26,0.77,11.66667,40.33333,52.0,20.33333,7.33333,15.66667,117.0,-0.05229,0.3309,0.51961,0.57878,0.33333,1
44.0,0.52367,0.35967,0.873,6.66667,35.66667,42.33333,31.66667,9.33333,13.0,116.66667,0.30313,0.22213,0.60003,0.66279,41.0,0.46733,0.33467,0.785,11.33333,34.33333,45.66667,21.66667,6.0,9.66667,109.33333,0.0195,0.34271,0.52312,0.59048,0.66667,0
40.33333,0.454,0.39,0.72467,10.0,36.0,46.0,23.0,8.33333,14.33333,101.66667,0.0412,0.29501,0.533,0.55826,40.66667,0.477,0.35833,0.791,8.66667,31.33333,40.0,24.0,6.33333,10.0,107.0,-0.02931,0.26189,0.53803,0.59762,0.66667,0
35.0,0.43467,0.32033,0.829,8.0,33.66667,41.66667,22.33333,10.0,14.33333,102.0,0.03539,0.22088,0.50229,0.59148,29.66667,0.38633,0.28767,0.76167,6.33333,33.66667,40.0,18.33333,6.33333,14.66667,88.33333,-0.24986,0.1642,0.44897,0.53568,1.0,0
44.66667,0.46533,0.396,0.694,14.33333,37.0,51.33333,21.0,8.66667,11.33333,120.0,0.10649,0.41781,0.53846,0.59125,39.66667,0.48133,0.41367,0.791,9.33333,39.33333,48.66667,25.0,6.0,14.33333,107.33333,0.21374,0.3119,0.56207,0.61944,0.0,1
37.33333,0.42733,0.34,0.75633,7.33333,32.33333,39.66667,21.0,9.66667,11.66667,101.0,-0.09957,0.18019,0.49612,0.55256,32.66667,0.41733,0.302,0.86333,8.66667,36.66667,45.33333,20.33333,8.66667,18.66667,88.33333,-0.09007,0.27242,0.47041,0.53801,0.66667,1
43.0,0.468,0.30567,0.829,11.33333,33.33333,44.66667,24.66667,10.66667,13.33333,112.33333,0.06261,0.33951,0.52086,0.58341,31.33333,0.36267,0.24433,0.74967,7.66667,37.33333,45.0,18.33333,8.33333,16.66667,86.33333,-0.40206,0.18097,0.41851,0.47722,1.0,0
37.66667,0.425,0.32633,0.876,14.33333,29.66667,44.0,21.66667,6.66667,10.66667,105.0,-0.03137,0.44384,0.48965,0.56334,40.66667,0.45533,0.35067,0.71967,11.33333,32.0,43.33333,25.0,7.0,13.66667,104.33333,-0.09505,0.33661,0.51099,0.56015,0.66667,0
42.0,0.449,0.36667,0.82833,11.33333,31.33333,42.66667,24.0,9.0,16.0,106.33333,-0.09597,0.35404,0.5249,0.55668,38.66667,0.45233,0.38533,0.78367,11.0,32.0,43.0,23.66667,7.0,13.0,109.66667,0.02047,0.36448,0.52326,0.60148,0.33333,0
40.0,0.44633,0.32133,0.758,11.0,40.66667,51.66667,22.0,10.0,12.66667,114.66667,0.19521,0.31826,0.51638,0.59623,41.0,0.47467,0.376,0.78833,10.66667,35.33333,46.0,22.66667,8.0,16.33333,107.66667,0.06247,0.38135,0.54564,0.59924,0.33333,1
42.33333,0.49333,0.389,0.67667,8.33333,41.33333,49.66667,28.33333,7.66667,17.66667,110.66667,0.21111,0.26806,0.56918,0.61524,40.0,0.48133,0.46633,0.78033,8.33333,34.0,42.33333,24.0,7.33333,14.0,117.0,0.09424,0.26882,0.57611,0.65673,0.0,0
44.33333,0.50433,0.427,0.83733,9.33333,43.0,52.33333,27.66667,8.0,17.66667,128.66667,0.18722,0.34431,0.60483,0.68512,41.0,0.44633,0.30367,0.80533,10.66667,32.33333,43.0,24.66667,7.33333,12.0,107.0,-0.07937,0.29545,0.50704,0.55799,1.0,1
37.66667,0.42933,0.31533,0.796,10.33333,30.33333,40.66667,23.66667,7.33333,10.66667,108.66667,-0.09131,0.29926,0.50952,0.58372,42.66667,0.462,0.36,0.64333,12.33333,35.33333,47.66667,24.33333,6.66667,19.33333,115.66667,-0.00606,0.34432,0.54398,0.59552,0.66667,0
43.0,0.49733,0.38567,0.71733,8.0,37.33333,45.33333,28.66667,9.0,9.66667,113.0,0.28987,0.25263,0.58179,0.62601,36.33333,0.43467,0.358,0.77133,9.66667,28.33333,38.0,21.0,8.33333,11.0,103.0,0.01459,0.27838,0.52318,0.58598,0.66667,0
37.0,0.42433,0.322,0.73233,10.0,34.0,44.0,22.66667,6.33333,17.33333,99.66667,-0.13921,0.26322,0.4873,0.54346,39.33333,0.45967,0.32133,0.75633,12.0,37.0,49.0,21.66667,6.66667,14.0,101.33333,-0.03464,0.39383,0.51954,0.56807,0.66667,1
40.66667,0.45333,0.29833,0.79267,14.0,37.33333,51.33333,25.0,10.66667,16.33333,111.66667,0.04451,0.50796,0.52,0.59157,37.66667,0.43667,0.36833,0.78367,9.33333,29.33333,38.66667,23.33333,7.33333,10.66667,100.66667,-0.08812,0.28671,0.50494,0.55736,0.66667,1
40.66667,0.44,0.21467,0.765,11.66667,35.0,46.66667,21.0,9.33333,11.33333,103.66667,-0.10312,0.31052,0.47632,0.53498,39.66667,0.48133,0.401,0.85333,7.0,39.0,46.0,21.33333,5.66667,14.66667,114.66667,0.07839,0.22133,0.55827,0.64957,0.0,1
39.0,0.44033,0.365,0.82167,9.66667,33.33333,43.0,25.0,6.0,12.0,108.66667,-0.03264,0.289,0.52192,0.58566,38.0,0.43933,0.33433,0.74567,14.0,33.0,47.0,21.33333,7.33333,16.0,98.33333,-0.19387,0.46883,0.48956,0.54314,1.0,1
37.66667,0.41233,0.301,0.744,10.33333,33.33333,43.66667,22.0,6.66667,13.33333,99.66667,-0.13516,0.25726,0.4718,0.52163,42.66667,0.47233,0.38967,0.87633,12.0,33.33333,45.33333,26.33333,9.66667,12.33333,112.66667,0.05028,0.39912,0.55575,0.60416,0.33333,1
41.33333,0.446,0.27233,0.77667,13.0,36.33333,49.33333,22.0,8.0,13.66667,106.66667,-0.07914,0.3846,0.49333,0.55021,41.66667,0.43667,0.285,0.763,10.66667,34.33333,45.0,26.0,7.33333,13.0,104.0,-0.06651,0.29332,0.49116,0.52907,1.0,1
36.33333,0.41367,0.28267,0.667,11.33333,39.66667,51.0,18.66667,6.33333,20.66667,95.66667,-0.25924,0.29073,0.45947,0.51636,40.0,0.48767,0.39733,0.84333,10.0,39.33333,49.33333,24.0,7.66667,17.66667,115.0,0.2285,0.31356,0.57841,0.65912,0.0,1
42.0,0.521,0.46467,0.779,5.66667,34.33333,40.0,29.33333,6.66667,11.66667,112.33333,0.0923,0.17941,0.61218,0.66508,38.66667,0.42033,0.357,0.88833,11.66667,33.66667,45.33333,21.33333,8.0,15.66667,109.33333,-0.12003,0.33017,0.48712,0.56387,1.0,0
37.0,0.448,0.33867,0.739,9.66667,33.33333,43.0,20.0,6.33333,14.66667,102.66667,-0.00102,0.28512,0.51766,0.5884,40.66667,0.45533,0.332,0.79067,11.66667,39.66667,51.33333,21.66667,6.66667,12.0,106.33333,0.04807,0.35455,0.5177,0.57032,0.33333,1
42.33333,0.47467,0.35333,0.75433,13.33333,33.66667,47.0,26.0,11.0,16.66667,108.0,0.08593,0.47416,0.53478,0.57975,39.33333,0.47767,0.42,0.82233,8.66667,29.33333,38.0,22.33333,6.0,17.0,106.66667,-0.07081,0.29805,0.55436,0.61764,0.66667,1
43.66667,0.47833,0.35467,0.76,10.0,37.0,47.0,24.66667,7.0,14.33333,115.0,0.10364,0.30612,0.55276,0.60292,40.66667,0.445,0.41867,0.68167,9.0,32.0,41.0,21.66667,7.0,10.66667,107.33333,-0.03024,0.26768,0.52084,0.56361,0.66667,1
36.66667,0.45133,0.339,0.845,9.66667,31.66667,41.33333,21.0,8.33333,12.66667,106.33333,-0.02454,0.29607,0.51667,0.60999,40.0,0.44367,0.31267,0.86633,9.66667,39.33333,49.0,24.33333,9.66667,15.0,108.33333,0.18325,0.28504,0.49938,0.57205,0.33333,1
44.66667,0.51167,0.36667,0.83567,5.66667,34.66667,40.33333,28.0,8.66667,12.66667,120.0,0.18004,0.1621,0.60307,0.65835,33.66667,0.39533,0.277,0.721,10.66667,33.33333,44.0,19.33333,9.33333,18.33333,94.66667,-0.34755,0.27688,0.4557,0.52225,1.0,0
34.66667,0.43167,0.332,0.82367,7.66667,32.66667,40.33333,18.0,7.66667,13.0,96.66667,-0.00602,0.22275,0.51178,0.57386,40.66667,0.47033,0.376,0.669,8.0,31.0,39.0,28.0,7.33333,13.66667,109.0,-0.07886,0.24391,0.56122,0.6037,0.66667,0
34.66667,0.37967,0.30467,0.79633,13.66667,37.0,50.66667,22.33333,9.66667,11.0,100.0,-0.01428,0.33526,0.44047,0.51788,38.66667,0.44733,0.32667,0.80333,8.33333,29.33333,37.66667,21.0,6.66667,13.66667,103.0,-0.20635,0.23044,0.51129,0.56983,1.0,0
34.66667,0.41867,0.33233,0.85467,11.0,32.66667,43.66667,22.0,7.66667,12.66667,101.33333,-0.04466,0.3173,0.48783,0.57342,37.66667,0.414,0.30767,0.65833,14.0,35.66667,49.66667,23.0,9.33333,16.66667,103.66667,-0.04405,0.44884,0.47085,0.5345,0.66667,0
37.33333,0.44533,0.35967,0.863,8.66667,33.33333,42.0,22.33333,10.33333,16.33333,104.0,0.09182,0.25184,0.52062,0.591,41.0,0.43933,0.346,0.72933,12.0,36.0,48.0,26.0,11.0,15.0,110.0,0.07498,0.32994,0.50779,0.56193,0.66667,1
33.33333,0.41833,0.272,0.80167,9.66667,31.66667,41.33333,18.0,8.33333,14.66667,92.0,-0.07045,0.28822,0.48488,0.54925,32.33333,0.40233,0.306,0.93,10.66667,35.66667,46.33333,21.0,9.33333,18.0,88.0,-0.10535,0.33292,0.45393,0.52405,0.66667,1
43.0,0.49433,0.41667,0.769,5.33333,37.0,42.33333,27.0,7.33333,13.0,111.33333,-0.01958,0.14316,0.56126,0.61208,41.33333,0.44967,0.32367,0.86733,11.66667,34.66667,46.33333,22.33333,4.0,14.66667,112.33333,-0.10774,0.35239,0.50543,0.57974,1.0,0
43.66667,0.491,0.414,0.66167,8.0,37.0,45.0,26.0,8.0,10.33333,108.33333,0.09706,0.23074,0.57189,0.59402,39.66667,0.436,0.34433,0.886,11.0,34.33333,45.33333,25.66667,8.33333,11.33333,103.66667,-0.11103,0.30625,0.49992,0.54957,1.0,0
43.33333,0.49833,0.37667,0.85933,7.66667,34.0,41.66667,26.0,9.66667,13.0,119.33333,0.12788,0.25303,0.58859,0.65322,35.33333,0.44667,0.334,0.71433,7.66667,36.33333,44.0,21.0,5.33333,13.66667,96.0,-0.09799,0.23977,0.51415,0.57577,1.0,0
40.33333,0.51867,0.40467,0.64633,6.0,35.0,41.0,24.66667,8.0,17.0,106.33333,0.19499,0.19192,0.60134,0.64641,40.0,0.48233,0.417,0.79333,11.66667,32.66667,44.33333,25.0,3.0,16.66667,109.0,0.05751,0.42385,0.56879,0.62702,0.33333,1
37.33333,0.443,0.335,0.705,8.66667,32.0,40.66667,21.0,4.0,10.66667,97.66667,0.00806,0.23409,0.50609,0.55353,43.0,0.49167,0.42233,0.80967,10.0,37.0,47.0,26.33333,7.33333,13.66667,111.33333,0.17211,0.32673,0.56575,0.6135,0.0,0
36.66667,0.42933,0.325,0.66933,8.66667,31.0,39.66667,22.0,9.33333,13.0,98.0,-0.13674,0.25269,0.5,0.54816,40.33333,0.46633,0.37833,0.828,7.33333,37.66667,45.0,23.66667,6.33333,15.66667,104.66667,0.07956,0.22294,0.53523,0.58501,0.33333,1
37.33333,0.45733,0.307,0.85667,9.0,32.66667,41.66667,23.0,8.33333,14.66667,107.66667,-0.08149,0.30789,0.5202,0.6154,39.33333,0.419,0.32967,0.77433,13.0,38.0,51.0,21.0,10.66667,12.33333,110.33333,0.21785,0.35109,0.49155,0.55866,0.0,0
41.33333,0.48433,0.37733,0.70633,8.33333,34.0,42.33333,26.33333,7.33333,9.0,108.66667,0.16906,0.27168,0.56034,0.60795,40.33333,0.45633,0.41,0.78467,13.33333,29.33333,42.66667,24.33333,8.0,13.33333,109.66667,-0.13098,0.41161,0.51455,0.58678,1.0,0
40.33333,0.44233,0.39433,0.724,10.33333,37.66667,48.0,21.33333,8.33333,15.0,99.33333,0.01954,0.31208,0.51809,0.53664,47.0,0.476,0.382,0.759,10.66667,37.66667,48.33333,30.66667,8.33333,15.33333,122.66667,0.07348,0.27619,0.54772,0.59614,0.33333,1
41.66667,0.46733,0.36667,0.70267,10.66667,36.0,46.66667,23.66667,4.33333,13.33333,114.33333,0.02911,0.31422,0.5497,0.60775,39.66667,0.42267,0.326,0.78033,10.33333,35.66667,46.0,22.0,9.0,12.66667,103.0,-0.11864,0.25969,0.48497,0.52985,1.0,0
42.33333,0.46767,0.347,0.762,9.66667,37.66667,47.33333,23.66667,7.66667,12.66667,118.33333,0.10079,0.3033,0.53557,0.61197,36.33333,0.41,0.25367,0.72467,12.0,35.66667,47.66667,19.0,6.0,13.66667,95.66667,-0.04803,0.34752,0.46468,0.51552,0.66667,0
42.0,0.499,0.411,0.72267,6.66667,39.33333,46.0,30.66667,5.66667,17.66667,109.33333,0.16982,0.2212,0.57453,0.62328,33.66667,0.38633,0.22567,0.75833,15.0,32.0,47.0,22.0,7.33333,14.33333,95.33333,-0.15027,0.48525,0.42979,0.51181,0.66667,0
36.0,0.412,0.30933,0.688,12.0,35.66667,47.66667,24.0,6.66667,12.66667,94.33333,-0.02174,0.31202,0.47231,0.51951,35.66667,0.45167,0.33633,0.791,9.33333,29.0,38.33333,20.0,7.66667,12.66667,102.66667,0.01394,0.30999,0.53837,0.61325,0.66667,0
36.0,0.382,0.326,0.76,16.0,34.0,50.0,21.33333,9.66667,11.33333,101.0,-0.02576,0.39333,0.44586,0.50909,38.66667,0.437,0.28433,0.85567,12.66667,37.66667,50.33333,17.66667,8.33333,12.66667,107.33333,0.09377,0.38276,0.50167,0.57782,0.33333,0
39.66667,0.43633,0.26933,0.82233,12.33333,37.33333,49.66667,25.33333,8.0,18.0,102.66667,-0.07467,0.39667,0.49308,0.54701,37.33333,0.41833,0.24233,0.758,10.0,35.0,45.0,24.33333,8.33333,11.66667,102.33333,-0.08289,0.25841,0.47058,0.53999,1.0,0
35.33333,0.42267,0.325,0.75967,8.66667,27.66667,36.33333,20.33333,8.33333,11.33333,97.33333,-0.05128,0.22294,0.48422,0.55041,44.0,0.474,0.46533,0.80467,12.33333,36.33333,48.66667,28.0,8.0,12.33333,117.0,0.16411,0.4139,0.58131,0.61466,0.0,0
41.33333,0.46167,0.364,0.74233,10.0,33.33333,43.33333,23.0,9.0,16.66667,112.33333,-0.00149,0.29137,0.54752,0.59978,40.0,0.43667,0.32,0.79467,9.66667,36.66667,46.33333,26.66667,7.33333,11.66667,105.66667,0.07314,0.25778,0.50781,0.55838,0.66667,1
39.66667,0.459,0.349,0.78733,12.33333,29.0,41.33333,24.66667,6.66667,11.66667,107.0,-0.06988,0.37241,0.52142,0.58718,40.66667,0.459,0.421,0.73733,11.33333,33.0,44.33333,21.33333,6.33333,13.33333,106.66667,0.02136,0.38889,0.53899,0.58097,0.33333,0
34.33333,0.385,0.242,0.67,13.0,40.66667,53.66667,18.66667,7.0,18.66667,93.0,-0.25146,0.32396,0.43579,0.4947,44.33333,0.46867,0.30433,0.74033,12.0,37.33333,49.33333,23.66667,7.66667,13.0,116.33333,-0.00982,0.34886,0.53152,0.58588,0.33333,1
38.66667,0.446,0.30633,0.80467,10.33333,32.0,42.33333,23.0,8.0,13.33333,104.33333,0.01312,0.31523,0.50141,0.57223,36.0,0.408,0.32367,0.65167,8.0,39.33333,47.33333,21.66667,7.66667,14.0,96.0,-0.18223,0.19903,0.47988,0.52268,1.0,0
43.33333,0.522,0.39367,0.86133,8.66667,32.66667,41.33333,29.33333,7.33333,15.66667,115.33333,0.06449,0.34192,0.61478,0.66759,41.33333,0.462,0.318,0.73833,8.33333,31.66667,40.0,23.33333,10.0,14.33333,104.33333,-0.07779,0.27146,0.51558,0.56029,0.33333,1
40.66667,0.44533,0.351,0.76667,10.66667,35.66667,46.33333,27.0,8.33333,15.0,106.33333,0.00962,0.31617,0.52239,0.56349,42.0,0.436,0.309,0.78067,13.0,39.0,52.0,24.33333,9.66667,16.0,115.66667,0.09838,0.33937,0.49836,0.56752,0.66667,0
44.0,0.51767,0.37767,0.76333,7.33333,36.33333,43.66667,30.0,8.66667,10.66667,115.33333,0.32574,0.24167,0.60302,0.65051,37.33333,0.40467,0.29067,0.72367,12.66667,30.66667,43.33333,17.66667,12.0,10.33333,96.66667,-0.12728,0.32172,0.45165,0.50192,0.66667,0
43.33333,0.46067,0.33933,0.75533,11.66667,41.0,52.66667,27.0,11.0,17.0,118.0,0.02866,0.30462,0.53299,0.59666,39.33333,0.44833,0.327,0.69733,9.33333,28.33333,37.66667,26.0,8.33333,13.66667,103.33333,-0.21062,0.26279,0.52617,0.56711,1.0,0
42.0,0.47033,0.36167,0.73633,6.66667,40.66667,47.33333,25.33333,12.0,10.66667,114.33333,0.23203,0.19209,0.55449,0.61301,40.66667,0.43967,0.38967,0.71033,11.33333,30.66667,42.0,22.0,5.66667,10.66667,108.66667,-0.15274,0.29294,0.52211,0.565,1.0,0
41.0,0.43167,0.373,0.73533,15.66667,25.33333,41.0,22.66667,10.66667,12.33333,106.66667,-0.08738,0.508,0.49397,0.54203,38.0,0.45333,0.35333,0.77833,9.33333,35.33333,44.66667,23.0,8.0,16.66667,105.33333,-0.07901,0.27756,0.5292,0.59488,0.66667,0
43.66667,0.50567,0.425,0.82167,9.0,44.0,53.0,28.66667,9.0,18.0,124.66667,0.27874,0.3376,0.61753,0.68356,39.0,0.45767,0.32033,0.542,11.0,36.66667,47.66667,22.66667,7.66667,21.66667,103.0,-0.04796,0.33681,0.52914,0.57255,0.66667,0
36.66667,0.44167,0.297,0.67167,7.66667,34.0,41.66667,20.0,6.66667,11.33333,96.33333,0.03495,0.21167,0.49776,0.55075,35.66667,0.392,0.264,0.70133,12.0,37.33333,49.33333,23.66667,7.66667,14.66667,95.0,-0.10931,0.31616,0.44677,0.49807,1.0,0
36.66667,0.43267,0.27933,0.89367,9.66667,35.0,44.66667,20.66667,10.66667,17.33333,104.0,-0.00957,0.29131,0.4947,0.58071,38.33333,0.43133,0.35633,0.76033,10.0,36.0,46.0,22.66667,7.66667,13.66667,103.0,-0.11277,0.28148,0.50252,0.55589,1.0,0
35.66667,0.40667,0.325,0.74733,10.33333,34.0,44.33333,21.33333,7.0,11.33333,99.33333,-0.06384,0.2655,0.48164,0.53976,38.33333,0.46133,0.399,0.80767,6.66667,35.33333,42.0,21.33333,7.0,13.33333,105.33333,-0.10768,0.19038,0.53351,0.60064,0.66667,0
42.33333,0.47833,0.41667,0.757,6.33333,39.0,45.33333,27.66667,6.0,10.33333,110.33333,0.01803,0.16755,0.55537,0.59942,41.33333,0.44333,0.37567,0.915,12.33333,36.33333,48.66667,23.33333,4.33333,12.0,108.0,-0.09156,0.35485,0.50733,0.55829,1.0,0
41.0,0.454,0.37733,0.84467,9.66667,35.0,44.66667,27.66667,10.0,8.33333,112.66667,0.16495,0.28564,0.51486,0.58926,39.66667,0.463,0.27867,0.73733,9.0,31.33333,40.33333,22.33333,5.66667,11.66667,99.0,-0.13619,0.25993,0.51582,0.55696,1.0,1
44.33333,0.516,0.38867,0.71867,7.66667,36.0,43.66667,30.66667,7.66667,10.0,115.0,0.18018,0.23401,0.59567,0.64122,40.33333,0.479,0.42,0.86467,8.33333,27.33333,35.66667,22.33333,7.0,12.33333,110.33333,-0.07219,0.25947,0.55368,0.62271,1.0,0
42.33333,0.47967,0.38167,0.71567,7.66667,36.0,43.66667,21.66667,5.66667,10.33333,109.33333,0.01731,0.21594,0.54424,0.5925,36.33333,0.42733,0.29833,0.73,10.0,35.0,45.0,21.33333,3.33333,11.0,96.66667,-0.136,0.29276,0.48597,0.54452,1.0,0
39.33333,0.46967,0.35867,0.653,10.33333,30.0,40.33333,21.66667,8.66667,15.0,107.66667,0.05086,0.36162,0.54715,0.60315,35.0,0.372,0.297,0.709,10.66667,35.66667,46.33333,19.66667,5.33333,12.0,96.33333,-0.21455,0.23788,0.44574,0.49135,1.0,0
33.33333,0.40367,0.30633,0.71367,11.0,27.33333,38.33333,21.33333,9.66667,13.33333,96.66667,-0.16918,0.32545,0.47689,0.54955,39.33333,0.44267,0.315,0.837,10.66667,33.33333,44.0,22.33333,9.0,13.33333,110.66667,0.01971,0.28798,0.50823,0.58743,0.33333,1
41.33333,0.465,0.33433,0.86233,10.0,34.0,44.0,26.33333,11.33333,12.66667,112.66667,0.1096,0.28148,0.53644,0.6035,42.66667,0.456,0.427,0.90033,9.33333,37.33333,46.66667,27.66667,10.66667,14.0,118.33333,0.12828,0.25172,0.54477,0.60575,0.33333,0
40.0,0.42833,0.332,0.80767,13.0,40.66667,53.66667,25.0,7.0,15.0,109.66667,-0.05245,0.40322,0.49619,0.55909,40.0,0.42733,0.36167,0.82967,10.33333,37.66667,48.0,22.0,12.66667,12.0,110.66667,0.16139,0.26261,0.49855,0.5647,0.33333,0
41.33333,0.46467,0.386,0.796,9.0,38.33333,47.33333,24.0,7.0,12.33333,117.33333,0.09689,0.28529,0.54022,0.61906,36.33333,0.413,0.35433,0.86233,14.33333,33.66667,48.0,18.66667,8.33333,13.33333,101.66667,-0.16067,0.41615,0.45624,0.54315,1.0,1
45.0,0.493,0.40667,0.69233,12.33333,36.0,48.33333,25.0,8.33333,11.66667,109.66667,0.1058,0.4172,0.55904,0.58458,42.0,0.464,0.33,0.77267,11.33333,33.66667,45.0,22.33333,9.33333,11.33333,113.33333,0.13924,0.35344,0.52272,0.5919,0.33333,0
45.33333,0.534,0.457,0.71067,10.33333,36.33333,46.66667,30.33333,7.0,14.66667,121.66667,0.36345,0.42516,0.62028,0.67829,38.0,0.42533,0.288,0.84067,11.0,30.66667,41.66667,22.0,7.0,13.0,99.66667,-0.20855,0.3363,0.47956,0.53576,0.66667,1
39.66667,0.447,0.36967,0.771,11.33333,29.66667,41.0,23.33333,9.0,10.33333,106.33333,-0.02816,0.35943,0.50891,0.5732,38.0,0.484,0.34533,0.70767,7.33333,28.0,35.33333,23.0,6.66667,13.0,103.33333,-0.15002,0.24442,0.56867,0.62522,1.0,1
41.66667,0.47467,0.36567,0.74767,11.33333,33.33333,44.66667,25.33333,7.0,13.33333,114.0,0.05213,0.3398,0.55072,0.61241,37.66667,0.39867,0.25967,0.75333,14.0,39.33333,53.33333,19.0,8.0,12.33333,101.33333,0.00016,0.38551,0.45864,0.51262,0.66667,0
46.33333,0.504,0.38767,0.82233,11.0,38.66667,49.66667,30.33333,5.66667,16.66667,119.33333,0.1174,0.38279,0.58607,0.62969,36.0,0.438,0.42233,0.762,7.66667,31.66667,39.33333,20.66667,6.66667,11.33333,103.0,-0.01045,0.23746,0.50468,0.58839,0.66667,0
39.66667,0.44267,0.356,0.67833,14.0,33.0,47.0,26.33333,10.0,12.0,112.0,0.02203,0.40687,0.52058,0.58515,40.33333,0.45333,0.42633,0.745,11.0,36.33333,47.33333,25.33333,6.0,12.0,107.33333,0.08045,0.3654,0.5525,0.58656,0.33333,1
44.0,0.488,0.31367,0.82467,8.0,37.0,45.0,27.66667,12.0,12.0,117.0,0.19858,0.23403,0.56198,0.62021,38.66667,0.45033,0.40333,0.85433,8.66667,37.33333,46.0,24.33333,8.0,14.33333,108.66667,0.16294,0.25129,0.54814,0.60704,0.33333,0
41.33333,0.444,0.28,0.74167,16.0,39.66667,55.66667,24.66667,9.0,15.33333,108.66667,-0.02606,0.47491,0.49855,0.55797,40.66667,0.46233,0.32167,0.83667,10.33333,38.66667,49.0,26.33333,8.0,15.66667,109.0,0.17664,0.31652,0.5306,0.5922,0.33333,1
43.33333,0.49733,0.38733,0.69967,10.33333,36.0,46.33333,26.66667,6.33333,11.0,114.33333,0.14711,0.31032,0.5685,0.62268,37.66667,0.441,0.289,0.75767,10.66667,34.0,44.66667,21.33333,5.0,10.66667,96.33333,-0.18571,0.3149,0.49863,0.54399,1.0,1
38.33333,0.43467,0.25467,0.64833,11.0,37.66667,48.66667,20.0,8.0,18.66667,98.66667,-0.15507,0.30015,0.48263,0.53435,40.66667,0.47667,0.336,0.85467,6.33333,34.33333,40.66667,30.33333,8.33333,11.33333,106.33333,0.12629,0.18299,0.54719,0.59977,0.0,1
41.66667,0.508,0.383,0.797,6.33333,29.33333,35.66667,24.0,7.33333,12.0,107.66667,-0.03617,0.20971,0.5686,0.62623,39.66667,0.459,0.34233,0.80967,10.33333,38.0,48.33333,20.33333,10.33333,16.0,103.66667,0.13123,0.37195,0.51656,0.57444,0.0,1
37.66667,0.42767,0.35433,0.77167,10.33333,38.33333,48.66667,24.0,6.66667,15.0,100.66667,-0.00565,0.29087,0.50176,0.54937,40.33333,0.42567,0.30167,0.81367,12.33333,33.0,45.33333,20.66667,8.66667,13.33333,103.66667,-0.07532,0.33544,0.48053,0.52854,0.66667,0
41.66667,0.476,0.36333,0.83933,9.33333,34.66667,44.0,26.0,9.0,11.33333,114.0,0.15481,0.29932,0.55828,0.62087,46.0,0.49567,0.374,0.77,10.66667,34.66667,45.33333,25.0,7.66667,11.66667,118.33333,0.00277,0.31711,0.56699,0.61251,0.33333,1
42.66667,0.48767,0.371,0.776,9.33333,31.33333,40.66667,25.0,8.0,13.0,110.33333,0.07539,0.29748,0.55853,0.60638,39.33333,0.43633,0.31867,0.79233,11.33333,36.33333,47.66667,20.33333,6.0,12.33333,102.33333,-0.08892,0.37333,0.49193,0.54479,0.33333,0
37.33333,0.43167,0.328,0.76733,10.0,30.66667,40.66667,23.0,9.33333,16.0,102.33333,-0.07855,0.28912,0.51491,0.56646,33.66667,0.38433,0.332,0.72467,11.66667,32.66667,44.33333,18.66667,9.33333,11.0,93.66667,-0.19219,0.2885,0.43732,0.50986,1.0,0
35.33333,0.39667,0.32867,0.80733,11.0,39.33333,50.33333,24.33333,8.33333,9.0,102.33333,0.02612,0.26328,0.4684,0.54366,41.0,0.43833,0.29667,0.689,15.0,30.0,45.0,26.66667,7.66667,13.66667,105.0,-0.16669,0.41494,0.50446,0.54287,1.0,0
38.33333,0.42533,0.345,0.873,12.0,34.66667,46.66667,23.33333,7.0,13.66667,106.66667,-0.16149,0.37549,0.50088,0.56492,36.33333,0.41433,0.36367,0.67367,8.66667,34.0,42.66667,20.66667,5.33333,11.66667,101.0,-0.20356,0.2132,0.49182,0.54737,1.0,1
38.0,0.423,0.27933,0.79633,11.33333,34.0,45.33333,21.66667,8.33333,15.33333,99.33333,-0.29071,0.3358,0.48082,0.53128,36.66667,0.45967,0.31833,0.873,7.0,35.33333,42.33333,26.33333,8.66667,14.66667,97.0,0.0946,0.22573,0.52384,0.5837,0.33333,1
40.0,0.448,0.35633,0.634,12.0,34.0,46.0,26.0,7.66667,13.66667,108.0,-0.03817,0.3393,0.52999,0.57358,39.0,0.44933,0.31533,0.83667,11.0,40.66667,51.66667,22.66667,7.0,16.0,108.0,-0.00443,0.3203,0.52055,0.59022,0.66667,0
34.0,0.418,0.289,0.92333,9.66667,34.0,43.66667,20.33333,9.0,17.33333,101.66667,-0.10616,0.31613,0.47518,0.58226,38.66667,0.451,0.297,0.71233,9.33333,34.33333,43.66667,21.33333,5.0,9.66667,98.0,-0.10095,0.2514,0.50827,0.55086,0.66667,1
38.33333,0.466,0.33233,0.73333,7.33333,37.0,44.33333,22.0,7.33333,13.0,103.33333,0.09721,0.21693,0.52882,0.59286,35.66667,0.42333,0.31867,0.82433,8.66667,34.33333,43.0,19.33333,6.33333,13.0,101.66667,-0.17446,0.24017,0.48259,0.5666,1.0,1
42.0,0.48233,0.41633,0.70933,7.0,40.66667,47.66667,28.33333,5.33333,12.33333,108.66667,0.01071,0.20247,0.55874,0.59957,39.66667,0.422,0.304,0.777,8.33333,34.0,42.33333,23.33333,9.0,13.66667,98.0,-0.13039,0.1971,0.46993,0.50703,0.66667,0
36.33333,0.431,0.32967,0.81633,8.0,27.66667,35.66667,23.66667,8.0,10.66667,101.0,-0.15176,0.20824,0.49631,0.56774,40.66667,0.49267,0.307,0.77733,8.66667,34.0,42.66667,25.0,5.0,12.66667,104.33333,-0.09784,0.26886,0.54713,0.60222,0.66667,1
45.33333,0.51333,0.36,0.76167,10.66667,35.33333,46.0,29.66667,8.66667,9.33333,118.66667,0.25484,0.33704,0.58877,0.64179,43.0,0.49233,0.37867,0.729,8.33333,39.66667,48.0,29.0,9.33333,12.66667,111.0,0.25284,0.23985,0.57076,0.61106,0.0,0
41.66667,0.48833,0.38,0.73133,11.0,34.0,45.0,23.66667,8.66667,15.66667,111.0,0.18441,0.37605,0.57013,0.61883,38.0,0.42667,0.245,0.82433,8.66667,32.0,40.66667,23.0,9.0,13.33333,98.33333,-0.06319,0.2362,0.46977,0.52985,0.66667,0
32.66667,0.40833,0.32067,0.681,13.0,28.33333,41.33333,20.33333,8.33333,17.66667,93.66667,-0.16297,0.41352,0.48125,0.54935,35.33333,0.40933,0.332,0.75533,9.66667,29.66667,39.33333,21.66667,8.66667,10.66667,101.33333,-0.21022,0.23648,0.47477,0.55073,1.0,0
47.66667,0.52467,0.45867,0.839,10.0,38.33333,48.33333,31.33333,8.66667,8.0,125.33333,0.39543,0.40607,0.61656,0.66461,44.66667,0.45233,0.393,0.861,12.0,31.66667,43.66667,25.33333,12.66667,11.33333,123.66667,0.09245,0.34298,0.53491,0.59741,0.66667,0
37.66667,0.46233,0.34733,0.73367,10.0,32.0,42.0,23.66667,6.66667,14.33333,107.0,-0.08063,0.34304,0.54484,0.61576,38.33333,0.42233,0.42,0.89033,12.66667,37.33333,50.0,17.66667,7.66667,13.66667,110.33333,-0.06869,0.37544,0.48242,0.57127,0.66667,0
39.66667,0.452,0.38333,0.68133,12.0,37.66667,49.66667,22.0,8.33333,13.0,104.33333,0.07883,0.36554,0.52218,0.56851,40.66667,0.47633,0.40467,0.82667,8.33333,38.33333,46.66667,25.0,6.0,13.66667,117.0,0.16987,0.30523,0.56171,0.64545,0.33333,1
40.66667,0.43267,0.358,0.788,9.66667,38.0,47.66667,25.0,5.66667,12.0,112.66667,-0.02434,0.23997,0.50816,0.57112,42.0,0.46567,0.34433,0.814,12.66667,34.0,46.66667,22.0,7.66667,10.33333,115.33333,0.09973,0.41876,0.53576,0.606,0.33333,1
42.66667,0.49667,0.45533,0.78467,12.0,32.33333,44.33333,27.66667,7.33333,13.33333,122.66667,0.22521,0.46147,0.59565,0.67024,36.33333,0.445,0.379,0.84067,12.33333,32.33333,44.66667,24.66667,4.66667,14.33333,109.66667,0.05911,0.425,0.52274,0.62308,0.33333,1
45.0,0.52767,0.30433,0.774,7.66667,36.66667,44.33333,28.33333,9.0,10.66667,117.66667,0.23224,0.25425,0.5896,0.65245,36.0,0.49267,0.40633,0.76633,7.0,33.33333,40.33333,23.33333,6.0,17.66667,102.0,-0.0093,0.26923,0.58645,0.65859,0.66667,1
38.33333,0.44067,0.36833,0.74533,12.0,37.33333,49.33333,23.0,5.66667,14.33333,110.0,0.01835,0.34747,0.52798,0.59515,37.0,0.389,0.30067,0.746,9.33333,37.33333,46.66667,22.33333,6.0,11.33333,99.66667,-0.10682,0.2041,0.46388,0.50555,1.0,0
43.66667,0.49067,0.35867,0.801,12.0,36.0,48.0,30.0,5.66667,16.33333,114.66667,0.03914,0.42919,0.56383,0.61722,42.0,0.447,0.378,0.82767,14.0,37.33333,51.33333,23.66667,6.33333,10.66667,112.0,0.09777,0.43232,0.52117,0.57248,0.0,1
43.33333,0.45433,0.391,0.773,14.66667,32.66667,47.33333,23.33333,8.66667,11.66667,116.0,-0.00831,0.40971,0.52638,0.57924,38.33333,0.46267,0.341,0.836,10.66667,39.0,49.66667,24.0,8.66667,17.33333,109.66667,0.16144,0.29834,0.53267,0.62037,0.0,0
37.0,0.41267,0.32733,0.78967,11.66667,35.0,46.66667,22.0,7.33333,9.66667,103.0,0.03187,0.32025,0.47596,0.54458,39.66667,0.42133,0.26033,0.78433,16.33333,31.66667,48.0,24.66667,6.66667,11.0,101.66667,-0.14841,0.45498,0.47672,0.52245,1.0,1
45.66667,0.502,0.324,0.73767,7.66667,41.0,48.66667,27.33333,12.0,11.66667,119.0,0.25431,0.23178,0.57696,0.62571,37.0,0.40733,0.34167,0.75,12.0,36.33333,48.33333,21.66667,5.66667,11.0,100.0,0.03933,0.35599,0.49035,0.53273,0.33333,0
43.66667,0.516,0.40733,0.734,7.33333,29.33333,36.66667,24.66667,6.33333,11.66667,110.0,-0.03117,0.23603,0.5806,0.62305,36.66667,0.43567,0.385,0.82733,8.0,37.0,45.0,23.0,8.33333,14.66667,104.0,0.11137,0.21327,0.53098,0.59069,0.33333,1
39.33333,0.472,0.40167,0.84567,8.66667,34.0,42.66667,25.66667,6.66667,16.0,112.66667,0.01678,0.29747,0.55604,0.63674,42.33333,0.47467,0.356,0.81467,9.0,39.66667,48.66667,28.0,8.33333,13.33333,111.0,0.24203,0.24741,0.54957,0.59844,0.0,1
41.66667,0.48333,0.418,0.704,7.66667,38.66667,46.33333,27.33333,6.0,11.33333,109.0,0.1164,0.22436,0.56408,0.60552,37.0,0.425,0.39467,0.827,11.0,33.66667,44.66667,21.0,7.33333,15.0,103.33333,-0.11691,0.32083,0.49586,0.56407,1.0,0
41.0,0.445,0.28433,0.65267,12.33333,35.0,47.33333,21.0,8.0,14.33333,107.33333,-0.05229,0.34226,0.50003,0.5546,37.0,0.41067,0.28367,0.708,13.33333,36.33333,49.66667,21.33333,6.66667,15.33333,101.0,-0.0323,0.36486,0.46984,0.52989,0.66667,1
43.33333,0.481,0.36233,0.74967,10.66667,35.0,45.66667,23.0,7.0,10.66667,111.66667,0.11137,0.33359,0.54958,0.59587,40.0,0.46233,0.368,0.81167,12.66667,37.33333,50.0,19.66667,7.66667,11.0,111.0,0.20842,0.42409,0.53516,0.60721,0.0,0
39.33333,0.459,0.39833,0.815,7.0,39.66667,46.66667,24.0,5.66667,10.33333,109.0,0.12499,0.1985,0.54249,0.60617,42.66667,0.47867,0.40767,0.825,10.66667,37.0,47.66667,22.66667,9.33333,13.33333,113.33333,0.19172,0.37146,0.55555,0.61066,0.0,1
38.33333,0.44167,0.362,0.84133,10.0,41.66667,51.66667,21.66667,6.66667,15.66667,106.33333,0.12803,0.29375,0.51683,0.58337,34.0,0.38367,0.23433,0.78367,16.33333,37.33333,53.66667,19.33333,9.0,16.0,100.0,0.07032,0.52334,0.42673,0.52408,0.33333,0
34.66667,0.425,0.338,0.81567,7.33333,33.0,40.33333,21.0,8.33333,11.66667,97.66667,0.03097,0.20608,0.50426,0.5697,45.33333,0.494,0.43533,0.80467,9.66667,35.66667,45.33333,27.0,9.66667,9.66667,120.66667,0.15056,0.29078,0.5697,0.62776,0.0,0
44.66667,0.47,0.36133,0.864,13.33333,31.66667,45.0,22.33333,6.66667,12.0,117.0,0.0783,0.46676,0.54704,0.59476,40.66667,0.50667,0.403,0.853,10.66667,29.66667,40.33333,28.33333,4.33333,15.33333,115.0,0.08517,0.41981,0.59413,0.6736,0.0,0
38.0,0.425,0.341,0.72767,12.33333,35.66667,48.0,26.0,7.66667,10.0,100.33333,0.06251,0.33088,0.48606,0.53905,37.33333,0.40333,0.26767,0.77467,14.0,29.66667,43.66667,21.33333,9.0,10.33333,97.33333,-0.05583,0.42356,0.45168,0.50263,0.66667,0
44.0,0.47633,0.332,0.708,12.0,39.0,51.0,27.0,10.66667,14.33333,116.33333,0.01275,0.31773,0.53837,0.59723,35.0,0.42267,0.35367,0.753,11.0,32.66667,43.66667,19.33333,7.66667,12.0,98.0,-0.07222,0.33337,0.47963,0.55964,1.0,1
38.33333,0.481,0.354,0.81067,6.33333,36.0,42.33333,24.0,5.66667,13.66667,109.33333,0.08114,0.19591,0.55818,0.64141,37.66667,0.42833,0.36367,0.67933,9.66667,38.66667,48.33333,23.66667,6.33333,11.0,106.0,-0.03371,0.26448,0.50933,0.56956,0.66667,0
42.0,0.44667,0.28867,0.651,13.66667,32.66667,46.33333,19.33333,7.66667,13.33333,107.66667,-0.13173,0.39489,0.4979,0.5456,38.66667,0.45367,0.31433,0.801,10.66667,38.66667,49.33333,23.66667,6.66667,15.66667,109.66667,0.02562,0.33245,0.52814,0.60452,0.66667,1
35.33333,0.452,0.38167,0.747,6.33333,38.33333,44.66667,23.33333,5.66667,14.66667,100.0,0.08659,0.1866,0.5287,0.60099,39.66667,0.42767,0.27,0.777,11.33333,32.33333,43.66667,22.0,8.33333,10.66667,106.66667,-0.13433,0.28878,0.48151,0.54595,1.0,1
36.33333,0.43733,0.319,0.87733,11.0,29.66667,40.66667,22.66667,7.66667,16.33333,102.66667,0.02811,0.32692,0.51413,0.58614,37.66667,0.43967,0.34733,0.84,10.33333,38.33333,48.66667,22.0,6.66667,12.0,106.33333,0.09694,0.3025,0.50171,0.58437,0.66667,1
40.33333,0.47967,0.41,0.71667,8.66667,39.33333,48.0,24.33333,6.0,12.66667,104.66667,0.09952,0.26217,0.55692,0.59881,37.66667,0.428,0.26867,0.86233,7.0,34.66667,41.66667,22.0,8.33333,13.66667,94.33333,-0.04816,0.18858,0.46983,0.52034,0.66667,1
39.33333,0.509,0.45133,0.734,6.66667,33.0,39.66667,19.33333,5.66667,16.66667,109.33333,0.00586,0.20658,0.60995,0.66827,43.33333,0.53867,0.394,0.764,7.33333,38.33333,45.66667,25.66667,3.66667,14.66667,111.66667,0.06191,0.25189,0.59646,0.65704,0.33333,1
41.66667,0.47267,0.36267,0.82467,12.0,37.66667,49.66667,23.33333,7.66667,14.0,114.0,0.1268,0.38926,0.54615,0.6117,36.0,0.397,0.363,0.83233,10.33333,33.66667,44.0,24.33333,8.33333,10.0,99.66667,-0.19461,0.24825,0.46852,0.52549,1.0,0
35.0,0.436,0.35133,0.76333,10.0,28.33333,38.33333,23.66667,8.33333,18.33333,99.33333,-0.07739,0.30648,0.52419,0.58656,38.66667,0.46067,0.322,0.775,11.0,36.33333,47.33333,21.66667,6.66667,16.33333,105.0,-0.00716,0.3921,0.52272,0.59104,0.33333,1
40.66667,0.49733,0.36667,0.759,9.33333,32.0,41.33333,24.66667,7.66667,16.0,108.66667,-0.00279,0.33682,0.58727,0.63625,37.0,0.43667,0.359,0.764,9.0,28.66667,37.66667,23.0,7.66667,18.33333,105.33333,-0.22844,0.27287,0.51808,0.58625,1.0,0
41.33333,0.442,0.354,0.72667,11.66667,42.0,53.66667,26.66667,6.66667,11.66667,109.66667,0.22763,0.31576,0.51692,0.56212,41.0,0.42667,0.33067,0.834,9.33333,32.0,41.33333,24.33333,10.66667,12.0,115.0,-0.09637,0.26656,0.49871,0.56837,1.0,0
40.0,0.427,0.322,0.76233,11.66667,31.33333,43.0,26.66667,7.33333,10.66667,103.66667,-0.16584,0.31481,0.48751,0.53335,38.0,0.41867,0.32367,0.84533,11.0,37.33333,48.33333,18.0,6.66667,12.33333,105.0,-0.12553,0.29581,0.46931,0.54609,0.66667,1
38.0,0.43267,0.31033,0.77633,10.0,38.0,48.0,23.33333,7.0,14.66667,104.66667,-0.11965,0.25267,0.49668,0.56376,31.66667,0.38333,0.289,0.768,10.0,30.66667,40.66667,18.33333,4.0,15.0,94.66667,-0.39015,0.2615,0.44879,0.5342,0.66667,0
42.0,0.46833,0.37967,0.74133,13.0,33.66667,46.66667,22.66667,8.0,15.0,115.66667,0.13986,0.46076,0.55596,0.6113,42.33333,0.51867,0.43367,0.77867,8.0,40.33333,48.33333,29.0,4.0,14.33333,113.66667,0.1852,0.26195,0.58092,0.65259,0.0,1
38.33333,0.475,0.38167,0.785,9.66667,34.33333,44.0,26.66667,7.33333,17.33333,109.0,0.04118,0.34235,0.57873,0.64042,41.33333,0.445,0.395,0.91033,8.33333,33.66667,42.0,25.33333,8.0,14.0,109.66667,-0.0756,0.20952,0.52583,0.57159,0.66667,1
36.0,0.40133,0.33333,0.73133,11.66667,32.33333,44.0,19.66667,7.33333,15.0,99.66667,-0.07572,0.311,0.47933,0.53054,39.33333,0.53967,0.48233,0.75833,5.33333,34.0,39.33333,28.0,4.66667,16.66667,109.33333,0.09669,0.21601,0.65179,0.71173,0.33333,1
43.33333,0.46967,0.38467,0.81367,12.66667,34.66667,47.33333,20.66667,6.66667,12.66667,114.0,0.07003,0.4529,0.54802,0.59584,39.66667,0.46167,0.32333,0.80767,10.33333,33.33333,43.66667,21.0,6.66667,10.66667,104.0,-0.03186,0.31454,0.5244,0.58029,0.33333,1
44.33333,0.49033,0.41367,0.761,11.0,35.66667,46.66667,31.0,8.0,14.66667,122.66667,0.10061,0.34364,0.57361,0.64012,41.66667,0.45967,0.35133,0.84467,10.66667,32.0,42.66667,23.33333,7.66667,11.66667,112.0,0.00914,0.34048,0.52945,0.59,0.66667,0
36.33333,0.40267,0.3,0.76867,12.0,36.33333,48.33333,21.33333,7.66667,9.0,101.0,0.01989,0.32587,0.45836,0.52931,38.66667,0.42933,0.32,0.82467,11.33333,34.0,45.33333,21.0,9.0,12.66667,108.33333,-0.02848,0.3281,0.49982,0.57046,0.66667,0
38.0,0.44067,0.38033,0.88033,7.33333,41.0,48.33333,24.66667,6.0,8.33333,106.66667,0.11712,0.19443,0.52383,0.59152,47.0,0.52633,0.45267,0.857,9.0,30.0,39.0,27.33333,7.33333,11.66667,122.0,0.13521,0.30849,0.60653,0.65547,0.33333,0
42.33333,0.46533,0.37067,0.72567,11.66667,39.0,50.66667,30.0,9.66667,9.0,112.0,0.22689,0.34206,0.5238,0.58541,36.0,0.42,0.35167,0.79333,8.0,36.66667,44.66667,19.0,9.33333,13.33333,100.66667,0.03103,0.20447,0.50797,0.5626,0.33333,1
40.66667,0.45833,0.41133,0.70233,11.33333,44.0,55.33333,27.0,6.33333,13.0,115.0,0.2417,0.34177,0.55475,0.61172,44.66667,0.467,0.39933,0.80067,13.0,38.0,51.0,22.66667,7.33333,13.33333,118.0,0.06791,0.41357,0.54181,0.59222,0.0,0
42.0,0.48167,0.35267,0.69733,12.33333,34.66667,47.0,21.0,6.33333,12.0,113.66667,0.08479,0.39539,0.55399,0.6135,35.66667,0.41833,0.329,0.744,11.0,31.0,42.0,20.0,8.66667,16.33333,97.66667,-0.27435,0.29258,0.47729,0.54333,1.0,0
40.66667,0.44333,0.296,0.83567,14.0,30.66667,44.66667,18.66667,7.66667,14.66667,106.33333,-0.03349,0.41196,0.50323,0.55732,44.0,0.484,0.403,0.71467,9.66667,34.66667,44.33333,27.66667,9.33333,15.66667,111.33333,0.16461,0.27861,0.56315,0.59448,0.33333,1
40.33333,0.47667,0.40967,0.82467,9.0,39.33333,48.33333,24.66667,6.66667,15.33333,111.66667,0.22099,0.27993,0.57105,0.63032,39.33333,0.48767,0.42,0.841,6.66667,28.33333,35.0,24.33333,6.66667,14.33333,106.0,-0.13503,0.20974,0.56648,0.62736,1.0,1
41.33333,0.44467,0.37167,0.80933,10.33333,32.33333,42.66667,26.33333,9.0,8.66667,113.33333,0.07113,0.29605,0.51139,0.57786,41.33333,0.464,0.4,0.799,10.33333,36.0,46.33333,23.66667,8.0,11.33333,109.0,0.05061,0.29195,0.52767,0.58488,0.33333,0
37.0,0.443,0.33367,0.77333,7.0,38.0,45.0,22.33333,7.33333,11.33333,99.33333,0.06213,0.19338,0.5132,0.56849,38.66667,0.47767,0.41033,0.81233,12.33333,30.66667,43.0,26.33333,4.0,13.66667,112.0,0.06018,0.43981,0.56639,0.64761,0.33333,1
40.33333,0.46533,0.37167,0.70633,6.33333,32.66667,39.0,21.66667,7.66667,11.0,105.33333,-0.07053,0.17584,0.53713,0.58205,41.66667,0.465,0.30933,0.76133,8.33333,35.33333,43.66667,26.33333,7.0,10.66667,109.66667,-0.02209,0.23019,0.51484,0.57883,0.33333,1
41.0,0.46967,0.36667,0.742,8.0,34.33333,42.33333,26.66667,8.66667,8.33333,109.66667,0.1719,0.23672,0.54375,0.5979,38.0,0.408,0.28033,0.82067,12.0,30.33333,42.33333,22.33333,8.33333,9.0,102.33333,-0.23121,0.31778,0.45954,0.52325,0.66667,1
41.33333,0.46,0.34833,0.78767,11.0,34.66667,45.66667,24.66667,7.33333,11.0,107.0,0.02322,0.33405,0.52959,0.57516,41.66667,0.458,0.38867,0.86267,10.66667,27.33333,38.0,24.33333,6.66667,13.33333,112.0,-0.13665,0.30421,0.53305,0.58926,0.66667,1
36.0,0.45367,0.338,0.72167,6.0,39.0,45.0,22.33333,5.33333,14.0,99.33333,0.05722,0.17353,0.52271,0.58841,39.33333,0.421,0.29733,0.752,15.0,35.66667,50.66667,23.33333,5.0,9.66667,101.66667,-0.0519,0.40571,0.47676,0.5244,0.66667,1
35.33333,0.387,0.286,0.89967,13.0,34.33333,47.33333,23.0,7.0,12.33333,104.0,-0.209,0.35234,0.45807,0.53935,39.66667,0.48867,0.424,0.70367,9.0,42.33333,51.33333,26.33333,6.0,17.0,106.0,0.19655,0.29126,0.5514,0.6126,0.0,1
37.33333,0.42667,0.366,0.74633,9.33333,35.66667,45.0,23.0,5.33333,12.0,102.66667,-0.01592,0.25189,0.4969,0.56091,44.0,0.48167,0.34567,0.753,10.33333,33.66667,44.0,23.66667,8.0,12.33333,120.0,-0.07051,0.29547,0.54945,0.61865,0.66667,1
45.0,0.47833,0.405,0.76167,9.66667,36.0,45.66667,29.33333,6.66667,13.33333,124.0,-0.01524,0.32593,0.57032,0.62456,37.33333,0.43033,0.34267,0.864,10.66667,35.66667,46.33333,22.0,8.0,11.33333,106.33333,0.15358,0.3134,0.49554,0.57868,0.33333,0
40.66667,0.45667,0.39267,0.759,12.66667,40.0,52.66667,24.0,7.33333,12.33333,118.33333,0.18658,0.38378,0.54547,0.62144,43.66667,0.497,0.34233,0.85,7.33333,33.33333,40.66667,31.33333,7.33333,11.66667,113.66667,0.11637,0.22262,0.56189,0.61856,0.0,0
38.33333,0.47,0.40333,0.75467,10.0,37.33333,47.33333,21.0,5.66667,16.33333,104.33333,0.03071,0.33047,0.54353,0.60636,36.66667,0.40233,0.232,0.71767,14.0,31.66667,45.66667,22.0,8.66667,13.66667,97.66667,-0.11153,0.38247,0.44934,0.50583,0.66667,1
44.0,0.509,0.316,0.70133,8.33333,32.0,40.33333,27.66667,7.33333,10.0,112.66667,0.06896,0.27647,0.57726,0.62215,40.66667,0.475,0.383,0.82067,9.0,32.33333,41.33333,25.0,9.33333,12.66667,112.33333,0.08266,0.25553,0.54316,0.61781,0.33333,1
41.33333,0.48533,0.42567,0.84167,9.0,42.33333,51.33333,24.0,7.33333,14.33333,111.66667,0.19888,0.25822,0.55941,0.62278,47.66667,0.48167,0.39867,0.683,10.33333,34.66667,45.0,30.33333,9.66667,14.66667,122.66667,0.0563,0.26418,0.55883,0.59589,0.33333,0
47.33333,0.50833,0.422,0.76533,10.33333,42.0,52.33333,32.33333,9.66667,10.0,122.33333,0.43427,0.41086,0.59399,0.63422,39.33333,0.475,0.34433,0.77067,12.66667,37.33333,50.0,24.33333,8.0,15.66667,108.66667,0.07433,0.47732,0.53774,0.61503,0.0,1
35.0,0.426,0.33333,0.84567,8.33333,35.66667,44.0,20.66667,5.33333,11.66667,100.33333,-0.08013,0.24098,0.49425,0.57503,37.33333,0.41367,0.36233,0.691,14.0,27.66667,41.66667,24.33333,8.0,15.66667,102.33333,-0.23706,0.39223,0.48563,0.53918,1.0,0
38.0,0.494,0.418,0.72967,5.33333,34.0,39.33333,19.33333,5.0,16.0,107.33333,-0.0671,0.15536,0.58899,0.65473,40.33333,0.43667,0.30467,0.858,10.0,33.0,43.0,23.66667,8.66667,13.66667,116.0,-0.08377,0.31723,0.50787,0.59078,1.0,0
41.33333,0.44667,0.38033,0.782,13.0,30.0,43.0,22.66667,8.33333,11.0,108.66667,0.06169,0.43052,0.52968,0.56885,41.0,0.45667,0.37433,0.80733,9.66667,35.0,44.66667,20.33333,5.66667,11.33333,111.66667,-0.03276,0.27223,0.52692,0.59048,0.33333,1
39.33333,0.42767,0.27433,0.72867,12.33333,34.0,46.33333,25.0,10.66667,13.66667,105.33333,-0.086,0.31242,0.486,0.54355,39.0,0.48,0.35633,0.90467,6.66667,35.33333,42.0,20.33333,7.33333,14.0,108.33333,0.05377,0.22026,0.56209,0.63396,0.0,1
38.33333,0.42267,0.32633,0.75,12.0,29.0,41.0,22.66667,8.33333,11.33333,102.0,-0.10558,0.34078,0.50181,0.54305,39.33333,0.51733,0.47467,0.81233,9.0,33.66667,42.66667,28.33333,7.0,17.33333,112.0,0.23996,0.3509,0.62149,0.69453,0.0,0
39.0,0.44,0.32,0.80833,12.66667,41.0,53.66667,23.33333,6.0,14.66667,105.66667,-0.01633,0.39833,0.50743,0.5681,35.66667,0.374,0.295,0.74833,10.0,33.33333,43.33333,19.33333,6.0,11.0,97.66667,-0.27605,0.22508,0.44514,0.4925,1.0,0
37.0,0.419,0.30267,0.83967,11.0,33.66667,44.66667,22.0,6.66667,8.0,103.66667,-0.00994,0.31151,0.47186,0.55365,40.0,0.44233,0.34867,0.733,10.66667,34.33333,45.0,24.0,6.33333,8.33333,103.66667,-0.04263,0.29195,0.49934,0.5494,0.66667,1
37.66667,0.43267,0.346,0.78533,8.0,42.33333,50.33333,20.66667,10.66667,12.33333,105.0,0.18136,0.21828,0.51099,0.57636,36.33333,0.43,0.31667,0.84467,7.0,37.0,44.0,17.33333,6.33333,12.66667,100.0,-0.02423,0.17742,0.50241,0.56484,0.33333,1
39.0,0.436,0.38233,0.69933,9.66667,32.33333,42.0,20.0,9.33333,13.33333,105.33333,-0.16041,0.27513,0.52159,0.5649,42.33333,0.44967,0.35167,0.822,11.66667,40.33333,52.0,22.33333,8.0,14.66667,110.66667,0.00534,0.35438,0.51296,0.56509,0.33333,1
39.66667,0.43767,0.30667,0.73833,13.33333,34.0,47.33333,20.0,7.0,15.0,106.33333,-0.14095,0.39489,0.49387,0.55517,36.33333,0.41267,0.34433,0.74733,11.0,30.66667,41.66667,21.66667,8.0,13.0,101.0,-0.22118,0.28898,0.47963,0.54474,1.0,0
46.33333,0.52833,0.38767,0.73733,13.0,33.66667,46.66667,27.0,7.0,12.66667,122.33333,0.20913,0.44444,0.61,0.66216,40.0,0.433,0.33567,0.82367,12.0,32.66667,44.66667,26.0,8.66667,11.0,107.33333,-0.08249,0.34423,0.4908,0.55356,0.33333,0
43.66667,0.46867,0.29867,0.82933,11.66667,32.66667,44.33333,25.0,8.0,17.66667,117.0,-0.05658,0.3466,0.53615,0.59737,35.33333,0.405,0.25,0.86833,11.0,33.33333,44.33333,20.0,8.33333,13.0,99.66667,-0.04724,0.29349,0.45417,0.53818,0.66667,1
35.66667,0.422,0.366,0.82467,8.66667,38.0,46.66667,21.66667,7.33333,16.66667,101.33333,0.03338,0.24967,0.51052,0.57262,33.66667,0.409,0.33067,0.81167,8.0,30.66667,38.66667,21.0,8.33333,14.0,98.33333,-0.25561,0.21014,0.46709,0.55749,1.0,1
40.0,0.453,0.36933,0.69,9.33333,32.0,41.33333,20.33333,9.0,11.0,105.66667,-0.1075,0.27388,0.52693,0.57237,36.33333,0.42867,0.37,0.78067,7.66667,37.66667,45.33333,27.66667,5.66667,14.66667,106.66667,-0.01787,0.21226,0.52523,0.59437,0.66667,1
40.0,0.465,0.379,0.73767,9.0,33.66667,42.66667,24.66667,7.66667,12.33333,107.0,0.1435,0.275,0.54623,0.59492,39.66667,0.428,0.347,0.84767,12.0,29.33333,41.33333,25.0,9.33333,10.66667,106.66667,-0.06045,0.3366,0.48913,0.54993,0.33333,0
36.33333,0.424,0.33567,0.644,8.0,28.0,36.0,23.33333,7.66667,10.66667,96.66667,-0.16471,0.19944,0.49427,0.53986,38.33333,0.443,0.34667,0.75967,9.33333,28.0,37.33333,19.0,7.0,11.33333,105.33333,-0.02166,0.27791,0.50576,0.57413,0.66667,1
50.0,0.54067,0.44167,0.723,8.0,34.33333,42.33333,33.33333,6.0,12.0,135.33333,0.07111,0.29331,0.63196,0.68914,37.66667,0.43667,0.35033,0.807,10.0,36.33333,46.33333,22.0,6.0,9.66667,99.33333,0.00176,0.27208,0.4948,0.55095,0.33333,1
35.33333,0.387,0.24767,0.86933,13.0,32.66667,45.66667,23.33333,6.0,9.0,105.0,-0.11605,0.34162,0.44881,0.54021,37.66667,0.42333,0.259,0.798,12.0,34.66667,46.66667,19.66667,8.33333,12.33333,104.33333,-0.11637,0.39806,0.47974,0.55423,1.0,0
49.33333,0.48367,0.32133,0.738,13.33333,42.66667,56.0,32.33333,7.0,13.0,126.66667,0.06385,0.38392,0.54393,0.59306,42.33333,0.48633,0.371,0.77033,10.33333,33.0,43.33333,25.0,6.66667,14.0,117.33333,-0.04062,0.32585,0.5622,0.6364,0.33333,0
37.0,0.45033,0.35633,0.75767,6.33333,33.66667,40.0,23.0,5.66667,15.0,104.66667,-0.16621,0.18427,0.52697,0.59907,38.66667,0.461,0.342,0.70033,9.0,35.33333,44.33333,24.0,7.66667,15.0,105.66667,0.03337,0.23741,0.5284,0.59168,0.66667,1
40.66667,0.47133,0.28767,0.738,9.66667,29.66667,39.33333,27.0,5.66667,10.66667,106.0,-0.0783,0.3,0.5337,0.58565,39.66667,0.45033,0.41033,0.85433,8.33333,34.66667,43.0,24.33333,9.0,10.0,111.66667,0.12732,0.23849,0.53595,0.6038,0.33333,0
37.0,0.447,0.35933,0.80833,12.0,28.33333,40.33333,19.0,6.66667,15.0,102.66667,-0.13076,0.43269,0.51769,0.58718,36.66667,0.41767,0.328,0.745,9.66667,31.66667,41.33333,21.33333,5.0,13.0,104.0,-0.29513,0.25783,0.48174,0.55797,0.66667,1
41.66667,0.491,0.38033,0.74767,7.66667,39.0,46.66667,27.0,9.33333,13.33333,110.33333,0.11878,0.21176,0.55386,0.61376,41.0,0.49233,0.40033,0.82433,5.33333,33.66667,39.0,27.33333,7.66667,13.33333,108.33333,0.03955,0.16618,0.57056,0.62433,0.66667,0
43.33333,0.50133,0.39433,0.77667,12.66667,33.33333,46.0,25.0,5.66667,11.0,111.33333,0.16194,0.47501,0.54982,0.61334,40.33333,0.48333,0.331,0.75633,10.0,37.33333,47.33333,24.33333,8.66667,13.33333,111.66667,0.10919,0.33843,0.53936,0.62267,0.0,1
37.0,0.43167,0.29067,0.85733,11.33333,33.33333,44.66667,22.66667,7.66667,17.33333,103.0,0.00022,0.33927,0.5062,0.57145,42.33333,0.47967,0.31567,0.79267,11.0,33.66667,44.66667,22.66667,6.33333,12.0,109.66667,0.01476,0.3246,0.53842,0.594,0.33333,1
35.0,0.43767,0.332,0.809,9.0,28.33333,37.33333,23.33333,6.33333,17.66667,95.0,-0.09077,0.26912,0.51233,0.56927,32.66667,0.37733,0.244,0.76567,13.66667,27.0,40.66667,22.0,7.0,14.0,94.0,-0.34462,0.4756,0.42512,0.5088,1.0,0
37.0,0.43867,0.28633,0.82433,12.33333,33.66667,46.0,22.0,7.66667,16.66667,107.0,0.0004,0.40028,0.51205,0.59401,37.0,0.406,0.308,0.772,9.0,33.33333,42.33333,20.66667,7.0,13.0,103.33333,-0.24519,0.21204,0.48515,0.54181,1.0,0
39.66667,0.44067,0.33733,0.72567,13.66667,31.0,44.66667,26.66667,4.33333,10.33333,106.33333,-0.04501,0.40131,0.51428,0.56476,44.33333,0.50533,0.32733,0.71033,14.33333,28.33333,42.66667,25.33333,8.66667,16.0,117.0,0.08587,0.50795,0.57181,0.63025,0.33333,1
38.33333,0.42767,0.30533,0.79333,11.66667,32.66667,44.33333,25.0,6.66667,8.33333,103.66667,-0.0874,0.32073,0.48117,0.54872,44.0,0.52433,0.389,0.82467,10.33333,29.66667,40.0,25.33333,7.66667,12.66667,113.66667,0.09397,0.35354,0.58642,0.64607,0.33333,0
46.33333,0.53033,0.367,0.70733,11.0,33.66667,44.66667,27.33333,6.0,11.33333,124.0,0.17094,0.36667,0.61235,0.6687,35.33333,0.43133,0.332,0.801,8.33333,32.0,40.33333,21.66667,9.33333,15.66667,101.0,-0.21307,0.22914,0.49471,0.57875,0.66667,0
46.33333,0.49,0.303,0.76567,12.0,33.0,45.0,29.0,8.33333,15.66667,119.66667,-0.00289,0.38125,0.54984,0.60372,41.33333,0.48033,0.41233,0.79633,9.33333,27.0,36.33333,24.0,6.0,13.66667,112.33333,-0.12884,0.3102,0.55512,0.62218,0.33333,0
36.66667,0.425,0.37167,0.744,10.33333,34.0,44.33333,25.0,6.33333,14.0,101.66667,-0.0567,0.30037,0.51411,0.56445,35.0,0.412,0.34867,0.73233,11.33333,31.66667,43.0,21.66667,6.0,14.66667,98.66667,-0.21308,0.34415,0.48218,0.548,1.0,0
41.0,0.457,0.346,0.75333,13.0,34.0,47.0,26.66667,6.33333,14.66667,107.33333,-0.03218,0.38702,0.52374,0.57367,39.33333,0.42967,0.35267,0.72567,13.66667,34.0,47.66667,22.66667,5.33333,8.66667,102.66667,-0.06783,0.38889,0.49664,0.53972,0.66667,0
43.0,0.46967,0.38167,0.73633,11.33333,31.0,42.33333,24.66667,6.0,8.66667,109.66667,0.04192,0.34962,0.5298,0.57484,34.0,0.39267,0.334,0.83233,15.33333,36.0,51.33333,19.33333,7.33333,15.66667,100.0,0.07148,0.48182,0.45661,0.54388,0.33333,0
41.33333,0.442,0.32767,0.78333,11.0,29.0,40.0,25.66667,8.0,11.66667,105.66667,-0.22176,0.30065,0.50232,0.54579,32.66667,0.397,0.29367,0.76667,7.33333,32.66667,40.0,24.33333,6.33333,16.0,98.0,-0.24326,0.20858,0.46532,0.55481,1.0,1
36.66667,0.42267,0.25533,0.80033,11.33333,29.33333,40.66667,23.0,7.0,9.33333,105.66667,-0.0509,0.30437,0.4881,0.56982,40.0,0.481,0.41567,0.74733,7.0,35.66667,42.66667,21.0,7.33333,9.0,109.0,0.06698,0.1906,0.55484,0.61785,0.0,1
38.0,0.43967,0.30367,0.815,9.33333,36.33333,45.66667,22.66667,7.33333,10.33333,101.0,0.03642,0.24886,0.50131,0.55876,40.0,0.43967,0.33033,0.78733,10.66667,31.33333,42.0,24.33333,5.66667,11.33333,103.33333,-0.17647,0.31036,0.49462,0.54531,0.66667,0
38.0,0.46233,0.34567,0.76267,7.33333,33.0,40.33333,21.33333,7.33333,17.33333,107.0,-0.15665,0.24177,0.529,0.60868,40.33333,0.439,0.332,0.869,12.33333,30.0,42.33333,22.0,7.0,12.33333,109.33333,-0.0048,0.3709,0.50575,0.56877,0.66667,1
36.33333,0.42567,0.31833,0.627,6.33333,25.0,31.33333,20.66667,7.0,9.66667,94.0,-0.27757,0.1549,0.49236,0.52992,37.0,0.419,0.35033,0.76733,7.0,32.66667,39.66667,25.0,7.0,12.66667,106.66667,-0.19947,0.17194,0.51223,0.57408,1.0,0
39.33333,0.43367,0.295,0.76433,10.0,33.33333,43.33333,21.66667,8.33333,12.0,103.33333,-0.19512,0.29386,0.47876,0.54516,40.0,0.455,0.34367,0.765,10.33333,34.66667,45.0,23.66667,7.66667,13.33333,107.0,-0.03866,0.31737,0.52283,0.57882,0.33333,0
37.0,0.42033,0.318,0.76767,13.33333,26.33333,39.66667,20.66667,9.66667,14.66667,102.33333,-0.19996,0.45477,0.48102,0.54997,40.66667,0.49367,0.41267,0.85633,9.66667,25.0,34.66667,22.0,7.33333,12.66667,108.33333,-0.07173,0.33333,0.55821,0.6254,0.66667,0
42.33333,0.49033,0.395,0.69133,7.33333,35.66667,43.0,26.33333,9.0,12.0,111.33333,0.15254,0.20547,0.55753,0.6098,46.0,0.54233,0.34533,0.73167,9.0,28.33333,37.33333,27.66667,8.0,16.0,120.33333,0.04507,0.34213,0.60931,0.67046,0.33333,0
38.33333,0.45067,0.36167,0.77,11.0,33.66667,44.66667,25.33333,7.33333,15.33333,103.33333,-0.01943,0.33282,0.54687,0.58846,39.0,0.43567,0.28533,0.82133,15.33333,31.0,46.33333,20.33333,7.33333,12.66667,109.33333,-0.09496,0.53284,0.49363,0.57514,1.0,1
36.33333,0.44433,0.29567,0.7,6.33333,35.33333,41.66667,19.0,9.0,12.66667,98.33333,-0.11367,0.17546,0.49743,0.56435,32.33333,0.404,0.27533,0.74233,8.33333,30.0,38.33333,24.0,6.66667,15.66667,95.33333,-0.35142,0.24496,0.46776,0.5541,1.0,0
43.0,0.484,0.38667,0.70067,11.33333,33.0,44.33333,24.33333,4.66667,8.33333,110.66667,0.11173,0.35199,0.54026,0.59318,44.33333,0.518,0.395,0.83233,9.66667,34.0,43.66667,25.0,5.33333,13.0,115.0,0.13233,0.31534,0.59661,0.6463,0.0,0
41.0,0.49167,0.44433,0.72067,8.0,35.33333,43.33333,23.0,8.66667,15.0,111.66667,0.16649,0.23122,0.58574,0.63686,39.0,0.444,0.354,0.747,10.33333,34.0,44.33333,23.33333,11.66667,14.0,108.33333,0.0582,0.28828,0.51992,0.58347,0.33333,1
42.66667,0.48767,0.34767,0.81,10.33333,30.66667,41.0,28.0,6.66667,9.33333,114.33333,0.04454,0.33756,0.54443,0.61693,34.66667,0.41667,0.34633,0.817,10.33333,35.33333,45.66667,22.0,9.66667,13.33333,99.33333,-0.02016,0.30658,0.48673,0.56443,0.33333,0
47.0,0.48533,0.41467,0.73033,13.0,42.0,55.0,31.0,10.33333,13.0,119.0,0.33148,0.48929,0.57123,0.59728,33.33333,0.40433,0.32233,0.84533,12.0,38.0,50.0,20.66667,7.33333,14.66667,99.0,0.03154,0.36921,0.46481,0.56157,0.33333,1
39.33333,0.45633,0.363,0.82733,10.33333,36.66667,47.0,22.0,5.33333,13.0,110.0,0.01097,0.3022,0.54657,0.60829,37.0,0.451,0.367,0.80033,6.66667,36.66667,43.33333,25.0,6.66667,15.66667,102.0,-0.01697,0.20658,0.52819,0.59389,0.66667,1
42.0,0.45633,0.38833,0.75967,9.0,35.66667,44.66667,28.33333,9.66667,11.66667,115.0,0.16845,0.232,0.54244,0.59584,41.33333,0.45,0.36367,0.73567,10.66667,35.0,45.66667,23.66667,8.66667,14.66667,112.33333,0.07627,0.33195,0.51558,0.57876,0.66667,0
39.0,0.45533,0.34567,0.66033,6.0,33.66667,39.66667,20.66667,6.66667,11.33333,103.0,-0.11359,0.16324,0.52357,0.57317,42.0,0.46933,0.40533,0.795,8.33333,39.66667,48.0,28.0,5.66667,12.0,118.33333,0.16513,0.24765,0.57954,0.63321,0.33333,1
43.33333,0.48633,0.33667,0.81833,10.0,30.0,40.0,22.33333,9.0,14.0,116.0,-0.02438,0.32759,0.54298,0.6161,37.33333,0.433,0.37867,0.72233,10.33333,32.33333,42.66667,25.33333,8.33333,16.33333,101.0,-0.10544,0.33482,0.50267,0.55824,1.0,0
40.66667,0.468,0.37167,0.842,10.33333,29.33333,39.66667,22.33333,5.33333,12.33333,117.0,-0.13405,0.31001,0.56177,0.63585,44.33333,0.461,0.38733,0.80833,11.33333,36.33333,47.66667,29.66667,7.0,13.0,122.0,0.01247,0.30476,0.53776,0.60542,0.33333,0
41.33333,0.44367,0.34133,0.77967,10.0,37.33333,47.33333,28.33333,5.66667,11.0,108.0,0.0962,0.25653,0.51715,0.55986,36.33333,0.42633,0.34967,0.78933,9.0,31.0,40.0,23.33333,8.33333,11.66667,103.66667,-0.14265,0.24591,0.49058,0.57141,0.66667,0
45.0,0.51467,0.367,0.80533,10.0,32.0,42.0,24.33333,5.66667,13.66667,123.66667,-0.01198,0.35668,0.59941,0.66993,44.0,0.492,0.40667,0.736,10.66667,32.0,42.66667,27.66667,12.66667,11.33333,117.33333,0.19106,0.33804,0.57792,0.62652,0.0,0
